Workbook

Sheet DD
B1: Ville | C1: Khouribga | G1: Mois | H1: 01
B3: Date | C3: Etat du ciel observé | G3: Vent moyen observé : Direction e force | O3: Température observée | Q3: Phénomènes Observés
G4: 06h-08h | I4: 09h-11h | K4: 12h-14h | M4: 15h-18h
C5: 06h-08h | D5: 09h-11h | E5: 12h-14h | F5: 15h-18h | G5: DD | H5: ff | I5: DD | J5: ff | K5: DD | L5: ff | M5: DD | N5: ff | O5: Tmax | P5: Tmin
B6: 2023-01-01 | C6: 3 | D6: 3 | E6: 3 | F6: 4 | G6: 346.66667 | H6: 4.6666667 | I6: 246.66667 | J6: 4.3333333 | K6: 160 | L6: 4 | M6: 255 | N6: 3.75 | O6: 19 | P6: 9.4 | Q6: Néant
B7: 2023-01-02 | C7: 1 | D7: 1 | E7: 1 | F7: 1 | G7: 66.666667 | H7: 5 | I7: 110 | J7: 5.6666667 | K7: 190 | L7: 2.6666667 | M7: 20 | N7: 5.25 | O7: 20.5 | P7: 8 | Q7: Néant
B8: 2023-01-03 | C8: 1 | D8: 2 | E8: 2 | F8: 2 | G8: 106.66667 | H8: 3.3333333 | I8: 80 | J8: 2.3333333 | K8: 36.666667 | L8: 5 | M8: 20 | N8: 11 | O8: 18.4 | P8: 8.9 | Q8: Néant
B9: 2023-01-04 | C9: 1 | D9: 1 | E9: 1 | F9: 2 | G9: 76.666667 | H9: 2.6666667 | I9: 96.666667 | J9: 4.3333333 | K9: 133.33333 | L9: 3 | M9: 15 | N9: 6.75 | O9: 19.5 | P9: 6.8 | Q9: Néant
B10: 2023-01-05 | C10: 1 | D10: 1 | E10: 1 | F10: 1 | G10: 113.33333 | H10: 6 | I10: 156.66667 | J10: 4.3333333 | K10: 213.33333 | L10: 4.3333333 | M10: 287.5 | N10: 5.25 | O10: 19.3 | P10: 9 | Q10: Néant
B11: 2023-01-06 | C11: 1 | D11: 1 | E11: 1 | F11: 1 | G11: 116.66667 | H11: 4.6666667 | I11: 150 | J11: 4 | K11: 226.66667 | L11: 4.6666667 | M11: 272.5 | N11: 4.75 | O11: 18.1 | P11: 2.2 | Q11: Néant
B12: 2023-01-07 | C12: 1 | D12: 1 | E12: 1 | F12: 1 | G12: 143.33333 | H12: 5.6666667 | I12: 150 | J12: 5 | K12: 316.66667 | L12: 4.3333333 | M12: 236.66667 | N12: 4 | O12: 18.4 | P12: 7 | Q12: Néant
B13: 2023-01-08 | C13: 1 | D13: 1 | E13: 1 | F13: 1 | G13: 116.66667 | H13: 5 | I13: 156.66667 | J13: 5 | K13: 223.33333 | L13: 6 | M13: 295 | N13: 6.5 | O13: 17.7 | P13: 6.1 | Q13: Néant
B14: 2023-01-09 | C14: 1 | D14: 2 | E14: 3 | F14: 2 | G14: 76.666667 | H14: 3.6666667 | I14: 130 | J14: 4 | K14: 243.33333 | L14: 6 | M14: 20 | N14: 7.5 | O14: 16.9 | P14: 6.8 | Q14: Néant
B15: 2023-01-10 | C15: 1 | D15: 1 | E15: 1 | F15: 1 | G15: 46.666667 | H15: 4.3333333 | I15: 50 | J15: 4.3333333 | K15: 20 | L15: 5.3333333 | M15: 25 | N15: 8.5 | O15: 19.4 | P15: 6.9 | Q15: Néant
B16: 2023-01-11 | C16: 3 | D16: 2 | E16: 2 | F16: 2 | G16: 30 | H16: 9.3333333 | I16: 36.666667 | J16: 10.666667 | K16: 33.333333 | L16: 10.333333 | M16: 30 | N16: 10 | O16: 15.7 | P16: 7 | Q16: Brume/Brouillard - Brouillard/Brume
B17: 2023-01-12 | C17: 3 | D17: 1 | E17: 1 | F17: 2 | G17: 46.666667 | H17: 7.6666667 | I17: 46.666667 | J17: 9.6666667 | K17: 43.333333 | L17: 7 | M17: 32.5 | N17: 10.75 | O17: 15.1 | P17: 8.1 | Q17: Néant
... B36: 2023-01-31 | C36: 3 | D36: 2 | E36: 2 | F36: 2 | G36: 103.33333 | H36: 6 | I36: 123.33333 | J36: 6.3333333 | K36: 116.66667 | L36: 7.3333333 | M36: 187.5 | N36: 8.75 | O36: 15.3 | P36: 15.3 | Q36: Néant
B40: Date | C40: Etat du ciel prévu | I40: Vent prévu: Directions et forces | U40: Température prévue | X40: Phénomènes prévus
C41: 12h-24h | E41: 24h-36h | G41: 36h-48h | I41: 12h-24h | M41: 24h-36h | Q41: 36h-48h | U41: 12h-24h | V41: 24h-36h | W41: 36h-48h | X41: 12h-24h | Y41: 24h-36h
C42: >>Devenant>> | E42: >>Devenant>> | G42: >>Devenant>> | I42: DD1 | J42: ff | K42: DD2 | L42: FF/Raf | M42: DD2 | N42: ff | O42: DD3 | P42: FF/Raf | Q42: DD2 | R42: ff | S42: DD3 | T42: FF/Raf | U42: Tmax | V42: Tmax | W42: Tmin
B43: 2022-12-31 | C43: 2 | D43: 2 | E43: 2 | F43: 1 | G43: 1 | H43: 1 | I43: 180 | J43: 2 | K43: 315 | L43: 20 | M43: 0 | N43: 2 | O43: 90 | P43: 20 | Q43: 0 | R43: 2 | S43: 45 | T43: 25 | U43: 21 | V43: 20 | W43: 6 | X43: Néant | Y43: Néant
B44: 2023-01-01 | C44: 2 | D44: 1 | E44: 1 | F44: 1 | G44: 1 | H44: 1 | I44: 225 | J44: 2 | K44: 0 | L44: 25 | M44: 90 | N44: 2 | O44: 90 | P44: 25 | Q44: 0 | R44: 2 | S44: 0 | T44: 40 | U44: 19 | V44: 20 | W44: 5 | X44: Néant | Y44: Néant
B45: 2023-01-02 | C45: 1 | D45: 1 | E45: 1 | F45: 1 | G45: 1 | H45: 1 | I45: 0 | J45: 2 | K45: 0 | L45: 25 | M45: 0 | N45: 2 | O45: 0 | P45: 15 | Q45: 0 | R45: 2 | S45: 0 | T45: 35 | U45: 19 | V45: 20 | W45: 7 | X45: Néant | Y45: Néant
B46: 2023-01-03 | C46: 2 | D46: 1 | E46: 1 | F46: 1 | G46: 1 | H46: 1 | I46: 0 | J46: 2 | K46: 0 | L46: 35 | M46: 45 | N46: 2 | O46: 45 | P46: 20 | Q46: 0 | R46: 2 | S46: 315 | T46: 25 | U46: 20 | V46: 19 | W46: 7 | X46: Néant | Y46: Néant
B47: 2023-01-04 | C47: 1 | D47: 1 | E47: 1 | F47: 1 | G47: 1 | H47: 1 | I47: 45 | J47: 2 | K47: 0 | L47: 30 | M47: 90 | N47: 2 | O47: 90 | P47: 20 | Q47: 225 | R47: 2 | S47: 270 | T47: 25 | U47: 19 | V47: 19 | W47: 6 | X47: Néant | Y47: Néant
B48: 2023-01-05 | C48: 1 | D48: 1 | E48: 1 | F48: 1 | G48: 1 | H48: 1 | I48: 225 | J48: 2 | K48: 0 | L48: 20 | M48: 90 | N48: 2 | O48: 45 | P48: 15 | Q48: 270 | R48: 2 | S48: 225 | T48: 20 | U48: 20 | V48: 19 | W48: 7 | X48: Néant | Y48: Néant
B49: 2023-01-06 | C49: 1 | D49: 1 | E49: 1 | F49: 1 | G49: 1 | H49: 1 | I49: 270 | J49: 2 | K49: 270 | L49: 25 | M49: 90 | N49: 2 | O49: 45 | P49: 15 | Q49: 225 | R49: 2 | S49: 0 | T49: 25 | U49: 18 | V49: 18 | W49: 6 | X49: Néant | Y49: Néant
B50: 2023-01-07 | C50: 1 | D50: 1 | E50: 1 | F50: 1 | G50: 1 | H50: 1 | I50: 225 | J50: 2 | K50: 315 | L50: 25 | M50: 90 | N50: 2 | O50: 90 | P50: 15 | Q50: 270 | R50: 2 | S50: 270 | T50: 25 | U50: 18 | V50: 18 | W50: 6 | X50: Néant | Y50: Brume/Brouillard
B51: 2023-01-08 | C51: 1 | D51: 1 | E51: 1 | F51: 1 | G51: 1 | H51: 2 | I51: 270 | J51: 2 | K51: 135 | L51: 30 | M51: 45 | N51: 2 | O51: 45 | P51: 15 | Q51: 0 | R51: 2 | S51: 0 | T51: 25 | U51: 18 | V51: 20 | W51: 5 | X51: Néant | Y51: Néant
B52: 2023-01-09 | C52: 1 | D52: 1 | E52: 1 | F52: 1 | G52: 1 | H52: 1 | I52: 0 | J52: 2 | K52: 45 | L52: 30 | M52: 45 | N52: 2 | O52: 45 | P52: 20 | Q52: 0 | R52: 2 | S52: 0 | T52: 25 | U52: 19 | V52: 21 | W52: 6 | X52: Néant | Y52: Brume/Brouillard
B53: 2023-01-10 | C53: 1 | D53: 1 | E53: 3 | F53: 3 | G53: 1 | H53: 2 | I53: 0 | J53: 2 | K53: 0 | L53: 25 | M53: 0 | N53: 2 | O53: 0 | P53: 15 | Q53: 0 | R53: 5 | S53: 0 | T53: 25 | U53: 21 | V53: 18 | W53: 7 | X53: Néant | Y53: Néant
B54: 2023-01-11 | C54: 2 | D54: 1 | E54: 2 | F54: 2 | G54: 3 | H54: 2 | I54: 0 | J54: 5 | K54: 0 | L54: 30 | M54: 45 | N54: 5 | O54: 45 | P54: 25 | Q54: 0 | R54: 5 | S54: 0 | T54: 30 | U54: 17 | V54: 19 | W54: 6 | X54: Néant | Y54: Brume/Brouillard
... B74: 2023-01-31 | C74: 1 | D74: 1 | E74: 1 | F74: 1 | G74: 2 | H74: 1 | I74: 45 | J74: 2 | K74: 0 | L74: 30 | M74: 90 | N74: 2 | O74: 45 | P74: 25 | Q74: 0 | R74: 2 | S74: 0 | T74: 30 | U74: 15 | V74: 16 | W74: 3 | X74: Néant | Y74: Néant
B79: Date | C79: Nébulosité observée | P79: Nébulosité prévue | V79: Vent : Direction et Force
P80: 12h-24h | R80: 24h-36h | T80: 36h-48h | V80: DD | W80: ff | X80: DD | Y80: ff | Z80: DD | AA80: ff | AB80: DD | AC80: ff | AD80: DD | AE80: ff | AF80: DD | AG80: ff | AH80: DD | AI80: ff | AJ80: DD | AK80: ff | AL80: DD | AM80: ff | AN80: DD | AO80: ff | AP80: DD | AQ80: ff | AR80: DD | AS80: ff | AT80: DD | AU80: ff
C81: 06h | D81: 07h | E81: 08h | F81: 09h | G81: 10h | H81: 11h | I81: 12h | J81: 13h | K81: 14h | L81: 15h | M81: 16h | N81: 17h | O81: 18h | P81: >>Devenant>> | R81: >>Devenant>> | T81: >>Devenant>> | V81: 06h | W81: 06h | X81: 07h | Y81: 07h | Z81: 08h | AA81: 10h | AB81: 09h | AC81: 09h | AD81: 10h | AE81: 10h | AF81: 11h | AG81: 11h | AH81: 12h | AI81: 12h | AJ81: 13h | AK81: 13h | AL81: 14h | AM81: 14h | AN81: 15h | AO81: 15h | AP81: 16h | AQ81: 16h | AR81: 17h | AS81: 17h | AT81: 18h | AU81: 18h
B82: 2022-12-31 | P82: 3 | Q82: 3 | R82: 3 | S82: 1 | T82: 1 | U82: 1
B83: 2023-01-01 | C83: 4 | D83: 5 | E83: 6 | F83: 7 | G83: 5 | H83: 5 | I83: 5 | J83: 5 | K83: 5 | L83: 7 | M83: 7 | N83: 7 | O83: 7 | P83: 3 | Q83: 1 | R83: 1 | S83: 1 | T83: 1 | U83: 0 | V83: 330 | W83: 3 | X83: 350 | Y83: 5 | Z83: 360 | AA83: 6 | AB83: 20 | AC83: 4 | AD83: 360 | AE83: 6 | AF83: 360 | AG83: 3 | AH83: 170 | AI83: 3 | AJ83: 160 | AK83: 6 | AL83: 150 | AM83: 3 | AN83: 210 | AO83: 5 | AP83: 210 | AQ83: 4 | AR83: 240 | AS83: 3 | AT83: 360 | AU83: 3
B84: 2023-01-02 | C84: 2 | D84: 2 | E84: 2 | F84: 1 | G84: 1 | H84: 1 | I84: 2 | J84: 2 | K84: 2 | L84: 2 | M84: 2 | N84: 2 | O84: 2 | P84: 0 | Q84: 0 | R84: 0 | S84: 0 | T84: 2 | U84: 1 | V84: 60 | W84: 6 | X84: 60 | Y84: 5 | Z84: 80 | AA84: 4 | AB84: 90 | AC84: 2 | AD84: 110 | AE84: 7 | AF84: 130 | AG84: 8 | AH84: 160 | AI84: 4 | AJ84: 60 | AK84: 2 | AL84: 350 | AM84: 2 | AN84: 30 | AO84: 4 | AP84: 20 | AQ84: 6 | AR84: 20 | AS84: 5 | AT84: 10 | AU84: 6
B85: 2023-01-03 | C85: 0 | D85: 0 | E85: 0 | F85: 2 | G85: 2 | H85: 4 | I85: 4 | J85: 4 | K85: 4 | L85: 4 | M85: 2 | N85: 2 | O85: 3 | P85: 3 | Q85: 1 | R85: 1 | S85: 1 | T85: 1 | U85: 2 | V85: 70 | W85: 3 | X85: 130 | Y85: 4 | Z85: 120 | AA85: 3 | AB85: 110 | AC85: 3 | AD85: 110 | AE85: 3 | AF85: 20 | AG85: 1 | AH85: 80 | AI85: 1 | AJ85: 10 | AK85: 7 | AL85: 20 | AM85: 7 | AN85: 10 | AO85: 10 | AP85: 10 | AQ85: 12 | AR85: 30 | AS85: 11 | AT85: 30 | AU85: 11
B86: 2023-01-04 | C86: 0 | D86: 0 | E86: 0 | F86: 0 | G86: 2 | H86: 2 | I86: 2 | J86: 2 | K86: 2 | L86: 2 | M86: 2 | N86: 4 | O86: 4 | P86: 2 | Q86: 1 | R86: 1 | S86: 1 | T86: 0 | U86: 0 | V86: 80 | W86: 3 | X86: 90 | Y86: 2 | Z86: 60 | AA86: 3 | AB86: 70 | AC86: 3 | AD86: 100 | AE86: 4 | AF86: 120 | AG86: 6 | AH86: 120 | AI86: 4 | AJ86: 210 | AK86: 2 | AL86: 70 | AM86: 3 | AN86: 30 | AO86: 3 | AP86: 10 | AQ86: 8 | AR86: 10 | AS86: 8 | AT86: 10 | AU86: 8
B87: 2023-01-05 | C87: 0 | D87: 0 | E87: 0 | F87: 1 | G87: 1 | H87: 1 | I87: 1 | J87: 1 | K87: 0 | L87: 0 | M87: 0 | N87: 0 | O87: 0 | P87: 1 | Q87: 1 | R87: 1 | S87: 1 | T87: 1 | U87: 1 | V87: 110 | W87: 6 | X87: 120 | Y87: 5 | Z87: 110 | AA87: 7 | AB87: 120 | AC87: 3 | AD87: 170 | AE87: 5 | AF87: 180 | AG87: 5 | AH87: 210 | AI87: 4 | AJ87: 210 | AK87: 4 | AL87: 220 | AM87: 5 | AN87: 290 | AO87: 5 | AP87: 270 | AQ87: 5 | AR87: 260 | AS87: 5 | AT87: 330 | AU87: 6
B88: 2023-01-06 | C88: 0 | D88: 0 | E88: 0 | F88: 0 | G88: 0 | H88: 0 | I88: 0 | J88: 0 | K88: 0 | L88: 0 | M88: 0 | N88: 0 | O88: 0 | P88: 0 | Q88: 0 | R88: 0 | S88: 0 | T88: 0 | U88: 0 | V88: 110 | W88: 6 | X88: 120 | Y88: 4 | Z88: 120 | AA88: 4 | AB88: 110 | AC88: 3 | AD88: 160 | AE88: 4 | AF88: 180 | AG88: 5 | AH88: 210 | AI88: 6 | AJ88: 210 | AK88: 2 | AL88: 260 | AM88: 6 | AN88: 290 | AO88: 5 | AP88: 280 | AQ88: 4 | AR88: 260 | AS88: 4 | AT88: 260 | AU88: 6
B89: 2023-01-07 | C89: 0 | D89: 0 | E89: 0 | F89: 0 | G89: 0 | H89: 0 | I89: 0 | J89: 0 | K89: 0 | L89: 0 | M89: 0 | O89: 0 | P89: 0 | Q89: 0 | R89: 1 | S89: 0 | T89: 0 | U89: 1 | V89: 150 | W89: 6 | X89: 140 | Y89: 5 | Z89: 140 | AA89: 6 | AB89: 140 | AC89: 4 | AD89: 140 | AE89: 6 | AF89: 170 | AG89: 5 | AH89: 300 | AI89: 5 | AJ89: 330 | AK89: 4 | AL89: 320 | AM89: 4 | AN89: 300 | AO89: 4 | AP89: 190 | AQ89: 4 | AT89: 220 | AU89: 4
B90: 2023-01-08 | C90: 0 | D90: 0 | E90: 0 | F90: 0 | G90: 0 | H90: 2 | I90: 2 | J90: 2 | K90: 2 | L90: 2 | M90: 2 | N90: 2 | O90: 2 | P90: 1 | Q90: 1 | R90: 1 | S90: 1 | T90: 1 | U90: 3 | V90: 110 | W90: 5 | X90: 130 | Y90: 6 | Z90: 110 | AA90: 4 | AB90: 140 | AC90: 5 | AD90: 150 | AE90: 4 | AF90: 180 | AG90: 6 | AH90: 190 | AI90: 6 | AJ90: 200 | AK90: 6 | AL90: 280 | AM90: 6 | AN90: 280 | AO90: 9 | AP90: 280 | AQ90: 5 | AR90: 310 | AS90: 6 | AT90: 310 | AU90: 6
B91: 2023-01-09 | C91: 0 | D91: 1 | E91: 2 | F91: 5 | G91: 3 | H91: 2 | I91: 5 | J91: 5 | K91: 5 | L91: 5 | M91: 3 | N91: 3 | O91: 3 | P91: 1 | Q91: 1 | R91: 1 | S91: 1 | T91: 1 | U91: 1 | V91: 110 | W91: 4 | X91: 110 | Y91: 3 | Z91: 10 | AA91: 4 | AB91: 10 | AC91: 5 | AD91: 360 | AE91: 3 | AF91: 20 | AG91: 4 | AH91: 350 | AI91: 4 | AJ91: 360 | AK91: 7 | AL91: 20 | AM91: 7 | AN91: 20 | AO91: 7 | AP91: 20 | AQ91: 8 | AR91: 20 | AS91: 8 | AT91: 20 | AU91: 7
B92: 2023-01-10 | C92: 0 | D92: 0 | E92: 0 | F92: 0 | G92: 0 | H92: 0 | I92: 0 | J92: 0 | K92: 0 | L92: 0 | M92: 0 | N92: 0 | O92: 0 | P92: 1 | Q92: 1 | R92: 5 | S92: 6 | T92: 2 | U92: 4 | V92: 50 | W92: 4 | X92: 50 | Y92: 3 | Z92: 40 | AA92: 6 | AB92: 40 | AC92: 4 | AD92: 60 | AE92: 4 | AF92: 50 | AG92: 5 | AH92: 30 | AI92: 5 | AJ92: 20 | AK92: 4 | AL92: 10 | AM92: 7 | AN92: 30 | AO92: 7 | AP92: 10 | AQ92: 10 | AR92: 30 | AS92: 9 | AT92: 30 | AU92: 8
B93: 2023-01-11 | C93: 4 | D93: 5 | E93: 5 | F93: 4 | G93: 4 | H93: 4 | I93: 4 | J93: 2 | K93: 3 | L93: 3 | M93: 4 | N93: 2 | O93: 4 | P93: 4 | Q93: 2 | R93: 3 | S93: 4 | T93: 6 | U93: 4 | V93: 30 | W93: 10 | X93: 30 | Y93: 9 | Z93: 30 | AA93: 9 | AB93: 30 | AC93: 10 | AD93: 40 | AE93: 11 | AF93: 40 | AG93: 11 | AH93: 40 | AI93: 10 | AJ93: 20 | AK93: 11 | AL93: 40 | AM93: 10 | AN93: 30 | AO93: 9 | AP93: 30 | AQ93: 9 | AR93: 30 | AS93: 11 | AT93: 30 | AU93: 11
B94: 2023-01-12 | C94: 6 | D94: 6 | E94: 3 | F94: 2 | G94: 2 | H94: 2 | I94: 2 | J94: 2 | K94: 2 | L94: 3 | M94: 3 | N94: 3 | O94: 3 | P94: 2 | Q94: 0 | R94: 0 | S94: 0 | T94: 0 | U94: 0 | V94: 40 | W94: 9 | X94: 40 | Y94: 8 | Z94: 60 | AA94: 6 | AB94: 30 | AC94: 8 | AD94: 60 | AE94: 10 | AF94: 50 | AG94: 11 | AH94: 60 | AI94: 10 | AJ94: 40 | AK94: 2 | AL94: 30 | AM94: 9 | AN94: 30 | AO94: 11 | AP94: 30 | AQ94: 12 | AR94: 40 | AS94: 11 | AT94: 30 | AU94: 9
B95: 2023-01-13 | C95: 0 | D95: 0 | E95: 0 | F95: 0 | G95: 0 | H95: 0 | I95: 0 | J95: 0 | K95: 2 | L95: 2 | M95: 2 | N95: 0 | O95: 0 | P95: 0 | Q95: 0 | R95: 0 | S95: 0 | T95: 0 | U95: 0 | V95: 80 | W95: 4 | X95: 80 | Y95: 2 | Z95: 30 | AA95: 6 | AB95: 10 | AC95: 6 | AD95: 10 | AE95: 6 | AF95: 10 | AG95: 8 | AH95: 20 | AI95: 8 | AJ95: 20 | AK95: 8 | AL95: 30 | AM95: 7 | AN95: 20 | AO95: 8 | AP95: 10 | AQ95: 10 | AR95: 10 | AS95: 10 | AT95: 20 | AU95: 7
B96: 2023-01-14 | C96: 0 | D96: 0 | E96: 0 | F96: 0 | G96: 0 | H96: 0 | I96: 0 | J96: 0 | K96: 0 | L96: 0 | M96: 0 | N96: 0 | O96: 2 | P96: 0 | Q96: 0 | R96: 0 | S96: 0 | T96: 2 | U96: 2 | V96: 100 | W96: 5 | X96: 100 | Y96: 3 | Z96: 50 | AA96: 2 | AB96: 100 | AC96: 2 | AD96: 110 | AE96: 5 | AF96: 120 | AG96: 3 | AH96: 120 | AI96: 2 | AJ96: 60 | AK96: 2 | AL96: 350 | AM96: 5 | AN96: 10 | AO96: 4 | AP96: 20 | AQ96: 5 | AR96: 360 | AS96: 6 | AT96: 10 | AU96: 5
B97: 2023-01-15 | C97: 2 | D97: 2 | E97: 0 | F97: 0 | G97: 0 | H97: 0 | I97: 0 | J97: 0 | K97: 0 | L97: 0 | M97: 0 | N97: 2 | O97: 2 | P97: 3 | Q97: 1 | R97: 5 | S97: 0 | T97: 1 | U97: 0 | V97: 100 | W97: 3 | X97: 100 | Y97: 4 | Z97: 100 | AA97: 3 | AC97: 0 | AD97: 220 | AE97: 2 | AF97: 180 | AG97: 4 | AH97: 200 | AI97: 4 | AJ97: 240 | AK97: 4 | AL97: 280 | AM97: 6 | AN97: 290 | AO97: 7 | AP97: 290 | AQ97: 6 | AR97: 350 | AS97: 10 | AT97: 10 | AU97: 11
B98: 2023-01-16 | C98: 6 | D98: 6 | E98: 3 | F98: 1 | G98: 1 | H98: 2 | I98: 2 | J98: 2 | K98: 3 | L98: 3 | M98: 2 | N98: 2 | O98: 2 | P98: 1 | Q98: 1 | R98: 1 | S98: 1 | T98: 1 | U98: 1 | V98: 30 | W98: 10 | X98: 30 | Y98: 11 | Z98: 50 | AA98: 7 | AB98: 50 | AC98: 7 | AD98: 60 | AE98: 7 | AF98: 40 | AG98: 10 | AH98: 20 | AI98: 8 | AJ98: 20 | AK98: 9 | AL98: 10 | AM98: 13 | AN98: 20 | AO98: 10 | AP98: 20 | AQ98: 6 | AR98: 10 | AS98: 7 | AT98: 360 | AU98: 6
B99: 2023-01-17 | C99: 4 | D99: 4 | E99: 2 | F99: 2 | G99: 2 | H99: 2 | I99: 3 | J99: 3 | K99: 3 | L99: 5 | M99: 5 | N99: 6 | O99: 6 | P99: 1 | Q99: 1 | R99: 5 | S99: 5 | T99: 3 | U99: 1 | V99: 20 | W99: 7 | X99: 30 | Y99: 4 | Z99: 30 | AA99: 4 | AB99: 350 | AC99: 1 | AD99: 320 | AE99: 3 | AF99: 330 | AG99: 5 | AH99: 300 | AI99: 8 | AJ99: 280 | AK99: 9 | AL99: 300 | AM99: 7 | AN99: 290 | AO99: 9 | AP99: 280 | AQ99: 11 | AR99: 280 | AS99: 11 | AT99: 280 | AU99: 8
B100: 2023-01-18 | C100: 6 | D100: 7 | E100: 7 | F100: 7 | G100: 7 | H100: 4 | I100: 6 | J100: 6 | K100: 7 | L100: 7 | M100: 6 | N100: 6 | O100: 5 | P100: 5 | Q100: 3 | R100: 3 | S100: 1 | T100: 1 | U100: 1 | V100: 240 | W100: 8 | X100: 250 | Y100: 10 | Z100: 250 | AA100: 8 | AB100: 330 | AC100: 11 | AD100: 330 | AE100: 12 | AF100: 320 | AG100: 11 | AH100: 310 | AI100: 11 | AJ100: 330 | AK100: 11 | AL100: 350 | AM100: 14 | AN100: 360 | AO100: 12 | AP100: 350 | AQ100: 9 | AR100: 360 | AS100: 11 | AT100: 20 | AU100: 10
B101: 2023-01-19 | C101: 0 | D101: 0 | E101: 0 | F101: 1 | G101: 1 | H101: 1 | I101: 1 | J101: 1 | K101: 1 | L101: 2 | M101: 2 | N101: 2 | O101: 2 | P101: 1 | Q101: 1 | R101: 1 | S101: 1 | T101: 1 | U101: 1 | V101: 50 | W101: 5 | X101: 50 | Y101: 7 | Z101: 50 | AA101: 8 | AB101: 50 | AC101: 7 | AD101: 60 | AE101: 7 | AF101: 40 | AG101: 14 | AH101: 40 | AI101: 14 | AJ101: 40 | AK101: 15 | AL101: 30 | AM101: 16 | AN101: 30 | AO101: 17 | AP101: 30 | AQ101: 16 | AR101: 30 | AS101: 16 | AT101: 30 | AU101: 14
B102: 2023-01-20 | C102: 0 | D102: 0 | E102: 0 | F102: 0 | G102: 0 | H102: 0 | I102: 0 | J102: 0 | K102: 0 | L102: 0 | M102: 0 | N102: 0 | O102: 0 | P102: 1 | Q102: 1 | R102: 3 | S102: 1 | T102: 1 | U102: 3 | V102: 30 | W102: 10 | X102: 50 | Y102: 10 | Z102: 50 | AA102: 9 | AB102: 50 | AC102: 7 | AD102: 50 | AE102: 12 | AF102: 60 | AG102: 11 | AH102: 50 | AI102: 10 | AJ102: 60 | AK102: 10 | AL102: 30 | AM102: 12 | AN102: 30 | AO102: 12 | AP102: 20 | AQ102: 15 | AR102: 30 | AS102: 15 | AT102: 30 | AU102: 13
B103: 2023-01-21 | C103: 0 | D103: 0 | E103: 2 | F103: 4 | G103: 5 | H103: 5 | I103: 5 | J103: 5 | K103: 5 | L103: 5 | M103: 5 | N103: 5 | O103: 5 | P103: 3 | Q103: 3 | R103: 1 | S103: 1 | T103: 1 | U103: 1 | V103: 70 | W103: 4 | X103: 30 | Y103: 5 | Z103: 60 | AA103: 4 | AB103: 50 | AC103: 3 | AD103: 80 | AE103: 3 | AF103: 40 | AG103: 5 | AH103: 20 | AI103: 5 | AJ103: 20 | AK103: 6 | AL103: 20 | AM103: 8 | AO103: 10 | AP103: 360 | AQ103: 8 | AS103: 10 | AT103: 360 | AU103: 9
B104: 2023-01-22 | C104: 3 | D104: 2 | E104: 0 | F104: 0 | G104: 0 | H104: 2 | I104: 2 | J104: 3 | K104: 4 | L104: 4 | M104: 4 | N104: 2 | O104: 2 | P104: 3 | Q104: 3 | R104: 3 | S104: 1 | T104: 1 | U104: 1 | V104: 20 | W104: 6 | X104: 40 | Y104: 5 | Z104: 80 | AA104: 4 | AB104: 60 | AC104: 4 | AD104: 80 | AE104: 3 | AF104: 20 | AG104: 6 | AH104: 30 | AI104: 6 | AJ104: 40 | AK104: 7 | AL104: 20 | AM104: 8 | AN104: 30 | AO104: 9 | AP104: 20 | AQ104: 12 | AR104: 20 | AS104: 11 | AT104: 20 | AU104: 9
B105: 2023-01-23 | C105: 7 | D105: 7 | E105: 3 | F105: 1 | G105: 1 | H105: 1 | I105: 1 | J105: 1 | K105: 1 | L105: 2 | M105: 2 | N105: 2 | O105: 2 | P105: 1 | Q105: 1 | R105: 1 | S105: 1 | T105: 1 | U105: 1 | V105: 30 | W105: 7 | X105: 20 | Y105: 7 | Z105: 20 | AA105: 9 | AB105: 20 | AC105: 6 | AD105: 20 | AE105: 6 | AF105: 20 | AG105: 4 | AH105: 270 | AI105: 4 | AJ105: 350 | AK105: 7 | AL105: 360 | AM105: 8 | AN105: 30 | AO105: 9 | AP105: 20 | AQ105: 8 | AR105: 20 | AS105: 10 | AT105: 10 | AU105: 8
B106: 2023-01-24 | C106: 0 | D106: 0 | E106: 0 | F106: 0 | G106: 0 | H106: 0 | I106: 0 | J106: 0 | K106: 0 | L106: 0 | M106: 0 | N106: 0 | O106: 0 | P106: 1 | Q106: 1 | R106: 1 | S106: 1 | T106: 1 | U106: 1 | V106: 20 | W106: 10 | X106: 30 | Y106: 10 | Z106: 30 | AA106: 8 | AB106: 30 | AC106: 9 | AD106: 30 | AE106: 10 | AF106: 30 | AG106: 9 | AH106: 50 | AI106: 5 | AJ106: 30 | AK106: 6 | AL106: 360 | AM106: 7 | AN106: 10 | AO106: 7 | AP106: 10 | AQ106: 6 | AR106: 360 | AS106: 8 | AT106: 350 | AU106: 11
B107: 2023-01-25 | C107: 0 | D107: 4 | E107: 4 | F107: 5 | G107: 5 | H107: 3 | I107: 2 | J107: 4 | K107: 4 | L107: 4 | M107: 4 | N107: 2 | O107: 2 | P107: 2 | Q107: 1 | R107: 1 | S107: 1 | T107: 1 | U107: 5 | V107: 350 | W107: 6 | X107: 340 | Y107: 6 | Z107: 350 | AA107: 5 | AC107: 0 | AD107: 360 | AE107: 4 | AF107: 350 | AG107: 3 | AH107: 20 | AI107: 3 | AJ107: 40 | AK107: 6 | AL107: 20 | AM107: 7 | AN107: 20 | AO107: 10 | AP107: 30 | AQ107: 10 | AR107: 20 | AS107: 10 | AT107: 30 | AU107: 7
B108: 2023-01-26 | C108: 0 | D108: 0 | E108: 0 | F108: 0 | G108: 0 | H108: 0 | I108: 0 | J108: 0 | K108: 0 | L108: 1 | M108: 2 | N108: 2 | O108: 2 | P108: 1 | Q108: 5 | R108: 7 | S108: 5 | T108: 4 | U108: 2 | V108: 20 | W108: 8 | X108: 20 | Y108: 7 | Z108: 30 | AA108: 4 | AB108: 100 | AC108: 2 | AD108: 70 | AE108: 4 | AF108: 20 | AG108: 2 | AH108: 340 | AI108: 3 | AJ108: 340 | AK108: 5 | AL108: 330 | AM108: 10 | AN108: 340 | AO108: 9 | AP108: 320 | AQ108: 8 | AR108: 330 | AS108: 11 | AT108: 330 | AU108: 9
B109: 2023-01-27 | C109: 7 | D109: 7 | E109: 7 | F109: 7 | G109: 7 | H109: 7 | I109: 7 | J109: 6 | K109: 6 | L109: 6 | M109: 6 | N109: 4 | O109: 4 | P109: 5 | Q109: 3 | R109: 5 | S109: 5 | T109: 4 | U109: 1 | V109: 230 | W109: 7 | X109: 210 | Y109: 7 | Z109: 230 | AA109: 9 | AB109: 220 | AC109: 6 | AD109: 240 | AE109: 10 | AF109: 170 | AG109: 7 | AH109: 190 | AI109: 8 | AJ109: 210 | AK109: 4 | AL109: 150 | AM109: 5 | AN109: 350 | AO109: 7 | AP109: 10 | AQ109: 7 | AR109: 350 | AS109: 9 | AT109: 320 | AU109: 6
B110: 2023-01-28 | C110: 4 | D110: 4 | E110: 4 | F110: 4 | G110: 4 | H110: 7 | I110: 7 | J110: 7 | K110: 7 | L110: 7 | M110: 7 | N110: 7 | O110: 7 | P110: 4 | Q110: 1 | R110: 3 | S110: 1 | T110: 1 | U110: 1 | V110: 230 | W110: 6 | X110: 200 | Y110: 4 | Z110: 230 | AA110: 6 | AB110: 240 | AC110: 6 | AD110: 260 | AE110: 7 | AF110: 240 | AG110: 8 | AH110: 270 | AI110: 9 | AJ110: 240 | AK110: 7 | AL110: 210 | AM110: 4 | AN110: 210 | AO110: 4 | AP110: 210 | AQ110: 3 | AR110: 20 | AS110: 11 | AT110: 30 | AU110: 8
B111: 2023-01-29 | C111: 0 | D111: 0 | E111: 0 | F111: 0 | G111: 0 | H111: 0 | I111: 0 | J111: 2 | K111: 2 | L111: 2 | M111: 3 | N111: 2 | O111: 2 | P111: 1 | Q111: 1 | R111: 1 | S111: 2 | T111: 3 | U111: 5 | V111: 30 | W111: 4 | X111: 20 | Y111: 4 | Z111: 30 | AA111: 4 | AB111: 10 | AC111: 4 | AD111: 20 | AE111: 1 | AF111: 230 | AG111: 3 | AH111: 200 | AI111: 4 | AJ111: 230 | AK111: 5 | AL111: 250 | AM111: 4 | AN111: 180 | AO111: 6 | AP111: 260 | AQ111: 5 | AR111: 260 | AS111: 5 | AT111: 240 | AU111: 3
B112: 2023-01-30 | C112: 1 | D112: 2 | E112: 3 | F112: 3 | G112: 2 | H112: 3 | I112: 5 | J112: 5 | K112: 5 | L112: 5 | M112: 5 | N112: 5 | O112: 5 | P112: 1 | Q112: 5 | R112: 1 | S112: 0 | T112: 0 | U112: 0 | V112: 90 | W112: 3 | X112: 120 | Y112: 3 | Z112: 170 | AA112: 4 | AB112: 160 | AC112: 4 | AD112: 160 | AE112: 6 | AF112: 170 | AG112: 4 | AH112: 180 | AI112: 4 | AJ112: 190 | AK112: 4 | AL112: 180 | AM112: 4 | AN112: 220 | AO112: 7 | AP112: 250 | AQ112: 8 | AR112: 290 | AS112: 6 | AT112: 360 | AU112: 8
B113: 2023-01-31 | C113: 5 | D113: 4 | E113: 4 | F113: 4 | G113: 3 | H113: 2 | I113: 4 | J113: 4 | K113: 4 | L113: 4 | M113: 4 | N113: 4 | O113: 3 | P113: 1 | Q113: 1 | R113: 1 | S113: 1 | T113: 3 | U113: 2 | V113: 90 | W113: 5 | X113: 110 | Y113: 6 | Z113: 110 | AA113: 7 | AB113: 120 | AC113: 4 | AD113: 120 | AE113: 7 | AF113: 130 | AG113: 8 | AH113: 140 | AI113: 10 | AJ113: 130 | AK113: 8 | AL113: 80 | AM113: 4 | AN113: 20 | AO113: 2 | AP113: 360 | AQ113: 12 | AR113: 10 | AS113: 13 | AT113: 360 | AU113: 8

Sheet Data
B1: Ville | G1: Mois
B3: Date | C3: Etat du ciel observé | G3: Vent moyen observé : Direction e force | O3: Température observée | Q3: Phénomènes Observés
G4: 06h-08h | I4: 09h-11h | K4: 12h-14h | M4: 15h-18h
C5: 06h-08h | D5: 09h-11h | E5: 12h-14h | F5: 15h-18h | G5: DD | H5: ff | I5: DD | J5: ff | K5: DD | L5: ff | M5: DD | N5: ff | O5: Tmax | P5: Tmin
B40: Date | C40: Etat du ciel prévu | I40: Vent prévu: Directions et forces | U40: Température prévue | X40: Phénomènes prévus
C41: 12h-24h | E41: 24h-36h | G41: 36h-48h | I41: 12h-24h | M41: 24h-36h | Q41: 36h-48h | U41: 12h-24h | V41: 24h-36h | W41: 36h-48h | X41: 12h-24h | Y41: 24h-36h
C42: >>Devenant>> | E42: >>Devenant>> | G42: >>Devenant>> | I42: DD1 | J42: ff | K42: DD2 | L42: FF/Raf | M42: DD2 | N42: ff | O42: DD3 | P42: FF/Raf | Q42: DD2 | R42: ff | S42: DD3 | T42: FF/Raf | U42: Tmax | V42: Tmax | W42: Tmin
B79: Date | C79: Nébulosité observée | P79: Nébulosité prévue | V79: Vent : Direction et Force
P80: 12h-24h | R80: 24h-36h | T80: 36h-48h | V80: DD | W80: ff | X80: DD | Y80: ff | Z80: DD | AA80: ff | AB80: DD | AC80: ff | AD80: DD | AE80: ff | AF80: DD | AG80: ff | AH80: DD | AI80: ff | AJ80: DD | AK80: ff | AL80: DD | AM80: ff | AN80: DD | AO80: ff | AP80: DD | AQ80: ff | AR80: DD | AS80: ff | AT80: DD | AU80: ff
C81: 06h | D81: 07h | E81: 08h | F81: 09h | G81: 10h | H81: 11h | I81: 12h | J81: 13h | K81: 14h | L81: 15h | M81: 16h | N81: 17h | O81: 18h | P81: >>Devenant>> | R81: >>Devenant>> | T81: >>Devenant>> | V81: 06h | W81: 06h | X81: 07h | Y81: 07h | Z81: 08h | AA81: 10h | AB81: 09h | AC81: 09h | AD81: 10h | AE81: 10h | AF81: 11h | AG81: 11h | AH81: 12h | AI81: 12h | AJ81: 13h | AK81: 13h | AL81: 14h | AM81: 14h | AN81: 15h | AO81: 15h | AP81: 16h | AQ81: 16h | AR81: 17h | AS81: 17h | AT81: 18h | AU81: 18h

Sheet Etat du Ciel
B2: =Data!C1 -> 0 | I2: Contrôle de l'état du ciel
B5: Date | C5: 06h-08h | H5: 09h-11h | M5: 12h-14h | R5: 15h-18h | W5: Score 24 | X5: Score 48 | Y5: Taux de réussite 24 | Z5: Taux de réussite 48 | AB5: Taux de réussite final 24 | AC5: Taux de réussite final 48
C6: Obs | D6: Pré 00-12 | E6: Pré 24-36 | F6: Score 24 | G6: Score 48 | H6: Obs | I6: Pré 00-12 | J6: Pré 24-36 | K6: Score 24 | L6: Score 48 | M6: Obs | N6: Pré 12-24 | O6: Pré 36-48 | P6: Score 24 | Q6: Score 48 | R6: Obs | S6: Pré 12-24 | T6: Pré 36-48 | U6: Score 24 | V6: Score 48
B7: 1 | C7: =IF(ISBLANK(Data!C6),"",Data!C6) | E7: =IF(ISBLANK(Data!F43),"",IF(Data!F43=Data!E43,Data!F43,IF(MIN(ABS(Data!F43-Data!C6),ABS(Data!E43-Data!C6))=ABS(Data!F43-Data!C6),Data!F43,IF(MIN(ABS(Data!F43-Data!C6),ABS(Data!E43-Data!C6))=ABS(Data!E43-Data!C6),Data!E43,"")))) | F7: =IF(OR(C7="",D7=""),1,IF(ABS(D7-C7)>=3,0,IF(ABS(D7-C7)=2,0.5,IF(ABS(D7-C7)=1,0.75,1)))) -> 1 | G7: =IF(OR(C7="",E7=""),1,IF(ABS(E7-C7)>=3,0,IF(ABS(E7-C7)=2,0.5,IF(ABS(E7-C7)=1,0.75,1)))) -> 1 | H7: =IF(ISBLANK(Data!D6),"",Data!D6) | J7: =IF(ISBLANK(Data!F43),"",IF(Data!F43=Data!G43,Data!F43,IF(MIN(ABS(Data!F43-Data!E6),ABS(Data!G43-Data!E6))=ABS(Data!F43-Data!E6),Data!F43,IF(MIN(ABS(Data!F43-Data!E6),ABS(Data!G43-Data!E6))=ABS(Data!G43-Data!E6),Data!G43,"")))) | K7: =IF(OR(H7="",I7=""),1,IF(ABS(I7-H7)>=3,0,IF(ABS(I7-H7)=2,0.5,IF(ABS(I7-H7)=1,0.75,1)))) -> 1 | L7: =IF(OR(H7="",J7=""),1,IF(ABS(J7-H7)>=3,0,IF(ABS(J7-H7)=2,0.5,IF(ABS(J7-H7)=1,0.75,1)))) -> 1 | M7: =IF(ISBLANK(Data!E6),"",Data!E6) | N7: =IF(ISBLANK(Data!C44),"",IF(Data!C44=Data!D44,Data!C44,IF(MIN(ABS(Data!C44-Data!E6),ABS(Data!D44-Data!E6))=ABS(Data!C44-Data!E6),Data!C44,IF(MIN(ABS(Data!C44-Data!E6),ABS(Data!D44-Data!E6))=ABS(Data!D44-Data!E6),Data!D44,"")))) | O7: =IF(ISBLANK(Data!G43),"",IF(Data!G43=Data!F43,Data!G43,IF(MIN(ABS(Data!G43-Data!E6),ABS(Data!F43-Data!E6))=ABS(Data!G43-Data!E6),Data!G43,IF(MIN(ABS(Data!G43-Data!E6),ABS(Data!F43-Data!E6))=ABS(Data!F43-Data!E6),Data!F43,"")))) | P7: =IF(OR(M7="",N7=""),1,IF(ABS(N7-M7)>=3,0,IF(ABS(N7-M7)=2,0.5,IF(ABS(N7-M7)=1,0.75,1)))) -> 1 | Q7: =IF(OR(M7="",O7=""),1,IF(ABS(O7-M7)>=3,0,IF(ABS(O7-M7)=2,0.5,IF(ABS(O7-M7)=1,0.75,1)))) -> 1 | R7: =IF(ISBLANK(Data!F6),"",Data!F6) | S7: =IF(ISBLANK(Data!C44),"",IF(Data!C44=Data!D44,Data!C44,IF(MIN(ABS(Data!C44-Data!E6),ABS(Data!D44-Data!E6))=ABS(Data!C44-Data!E6),Data!C44,IF(MIN(ABS(Data!C44-Data!E6),ABS(Data!D44-Data!E6))=ABS(Data!D44-Data!E6),Data!D44,"")))) | T7: =IF(ISBLANK(Data!G43),"",IF(Data!G43=Data!G43,Data!G43,IF(MIN(ABS(Data!G43-Data!F6),ABS(Data!G43-Data!F6))=ABS(Data!G43-Data!F6),Data!G43,IF(MIN(ABS(Data!G43-Data!F6),ABS(Data!G43-Data!F6))=ABS(Data!G43-Data!F6),Data!G43,"")))) | U7: =IF(OR(R7="",S7=""),1,IF(ABS(S7-R7)>=3,0,IF(ABS(S7-R7)=2,0.5,IF(ABS(S7-R7)=1,0.75,1)))) -> 1 | V7: =IF(OR(R7="",T7=""),1,IF(ABS(T7-R7)>=3,0,IF(ABS(T7-R7)=2,0.5,IF(ABS(T7-R7)=1,0.75,1)))) -> 1 | W7: =AVERAGE(F7,K7,P7,U7) -> 1 | X7: =AVERAGE(G7,L7,Q7,V7) -> 1 | Y7: =+IF(W7>=0.8,1,IF(W7>=0.65,0.75,IF(W7>=0.5,0.5,IF(W7>=0.35,0.25,0)))) -> 1 | Z7: =+IF(X7>=0.8,1,IF(X7>=0.65,0.75,IF(X7>=0.5,0.5,IF(X7>=0.35,0.25,0)))) -> 1 | AB7: =AVERAGE(Y7:Y37) -> 1 | AC7: =AVERAGE(Z7:Z37) -> 1
B8: =B7+1 -> 2 | C8: =IF(ISBLANK(Data!C7),"",Data!C7) | E8: =IF(ISBLANK(Data!F44),"",IF(Data!F44=Data!E44,Data!F44,IF(MIN(ABS(Data!F44-Data!C7),ABS(Data!E44-Data!C7))=ABS(Data!F44-Data!C7),Data!F44,IF(MIN(ABS(Data!F44-Data!C7),ABS(Data!E44-Data!C7))=ABS(Data!E44-Data!C7),Data!E44,"")))) | F8: =IF(OR(C8="",D8=""),1,IF(ABS(D8-C8)>=3,0,IF(ABS(D8-C8)=2,0.5,IF(ABS(D8-C8)=1,0.75,1)))) -> 1 | G8: =IF(OR(C8="",E8=""),1,IF(ABS(E8-C8)>=3,0,IF(ABS(E8-C8)=2,0.5,IF(ABS(E8-C8)=1,0.75,1)))) -> 1 | H8: =IF(ISBLANK(Data!D7),"",Data!D7) | J8: =IF(ISBLANK(Data!F44),"",IF(Data!F44=Data!G44,Data!F44,IF(MIN(ABS(Data!F44-Data!E7),ABS(Data!G44-Data!E7))=ABS(Data!F44-Data!E7),Data!F44,IF(MIN(ABS(Data!F44-Data!E7),ABS(Data!G44-Data!E7))=ABS(Data!G44-Data!E7),Data!G44,"")))) | K8: =IF(OR(H8="",I8=""),1,IF(ABS(I8-H8)>=3,0,IF(ABS(I8-H8)=2,0.5,IF(ABS(I8-H8)=1,0.75,1)))) -> 1 | L8: =IF(OR(H8="",J8=""),1,IF(ABS(J8-H8)>=3,0,IF(ABS(J8-H8)=2,0.5,IF(ABS(J8-H8)=1,0.75,1)))) -> 1 | M8: =IF(ISBLANK(Data!E7),"",Data!E7) | N8: =IF(ISBLANK(Data!C45),"",IF(Data!C45=Data!D45,Data!C45,IF(MIN(ABS(Data!C45-Data!E7),ABS(Data!D45-Data!E7))=ABS(Data!C45-Data!E7),Data!C45,IF(MIN(ABS(Data!C45-Data!E7),ABS(Data!D45-Data!E7))=ABS(Data!D45-Data!E7),Data!D45,"")))) | O8: =IF(ISBLANK(Data!G44),"",IF(Data!G44=Data!F44,Data!G44,IF(MIN(ABS(Data!G44-Data!E7),ABS(Data!F44-Data!E7))=ABS(Data!G44-Data!E7),Data!G44,IF(MIN(ABS(Data!G44-Data!E7),ABS(Data!F44-Data!E7))=ABS(Data!F44-Data!E7),Data!F44,"")))) | P8: =IF(OR(M8="",N8=""),1,IF(ABS(N8-M8)>=3,0,IF(ABS(N8-M8)=2,0.5,IF(ABS(N8-M8)=1,0.75,1)))) -> 1 | Q8: =IF(OR(M8="",O8=""),1,IF(ABS(O8-M8)>=3,0,IF(ABS(O8-M8)=2,0.5,IF(ABS(O8-M8)=1,0.75,1)))) -> 1 | R8: =IF(ISBLANK(Data!F7),"",Data!F7) | S8: =IF(ISBLANK(Data!C45),"",IF(Data!C45=Data!D45,Data!C45,IF(MIN(ABS(Data!C45-Data!E7),ABS(Data!D45-Data!E7))=ABS(Data!C45-Data!E7),Data!C45,IF(MIN(ABS(Data!C45-Data!E7),ABS(Data!D45-Data!E7))=ABS(Data!D45-Data!E7),Data!D45,"")))) | T8: =IF(ISBLANK(Data!G44),"",IF(Data!G44=Data!G44,Data!G44,IF(MIN(ABS(Data!G44-Data!F7),ABS(Data!G44-Data!F7))=ABS(Data!G44-Data!F7),Data!G44,IF(MIN(ABS(Data!G44-Data!F7),ABS(Data!G44-Data!F7))=ABS(Data!G44-Data!F7),Data!G44,"")))) | U8: =IF(OR(R8="",S8=""),1,IF(ABS(S8-R8)>=3,0,IF(ABS(S8-R8)=2,0.5,IF(ABS(S8-R8)=1,0.75,1)))) -> 1 | V8: =IF(OR(R8="",T8=""),1,IF(ABS(T8-R8)>=3,0,IF(ABS(T8-R8)=2,0.5,IF(ABS(T8-R8)=1,0.75,1)))) -> 1 | W8: =AVERAGE(F8,K8,P8,U8) -> 1 | X8: =AVERAGE(G8,L8,Q8,V8) -> 1 | Y8: =+IF(W8>=0.8,1,IF(W8>=0.65,0.75,IF(W8>=0.5,0.5,IF(W8>=0.35,0.25,0)))) -> 1 | Z8: =+IF(X8>=0.8,1,IF(X8>=0.65,0.75,IF(X8>=0.5,0.5,IF(X8>=0.35,0.25,0)))) -> 1
B9: =B8+1 -> 3 | C9: =IF(ISBLANK(Data!C8),"",Data!C8) | E9: =IF(ISBLANK(Data!F45),"",IF(Data!F45=Data!E45,Data!F45,IF(MIN(ABS(Data!F45-Data!C8),ABS(Data!E45-Data!C8))=ABS(Data!F45-Data!C8),Data!F45,IF(MIN(ABS(Data!F45-Data!C8),ABS(Data!E45-Data!C8))=ABS(Data!E45-Data!C8),Data!E45,"")))) | F9: =IF(OR(C9="",D9=""),1,IF(ABS(D9-C9)>=3,0,IF(ABS(D9-C9)=2,0.5,IF(ABS(D9-C9)=1,0.75,1)))) -> 1 | G9: =IF(OR(C9="",E9=""),1,IF(ABS(E9-C9)>=3,0,IF(ABS(E9-C9)=2,0.5,IF(ABS(E9-C9)=1,0.75,1)))) -> 1 | H9: =IF(ISBLANK(Data!D8),"",Data!D8) | J9: =IF(ISBLANK(Data!F45),"",IF(Data!F45=Data!G45,Data!F45,IF(MIN(ABS(Data!F45-Data!E8),ABS(Data!G45-Data!E8))=ABS(Data!F45-Data!E8),Data!F45,IF(MIN(ABS(Data!F45-Data!E8),ABS(Data!G45-Data!E8))=ABS(Data!G45-Data!E8),Data!G45,"")))) | K9: =IF(OR(H9="",I9=""),1,IF(ABS(I9-H9)>=3,0,IF(ABS(I9-H9)=2,0.5,IF(ABS(I9-H9)=1,0.75,1)))) -> 1 | L9: =IF(OR(H9="",J9=""),1,IF(ABS(J9-H9)>=3,0,IF(ABS(J9-H9)=2,0.5,IF(ABS(J9-H9)=1,0.75,1)))) -> 1 | M9: =IF(ISBLANK(Data!E8),"",Data!E8) | N9: =IF(ISBLANK(Data!C46),"",IF(Data!C46=Data!D46,Data!C46,IF(MIN(ABS(Data!C46-Data!E8),ABS(Data!D46-Data!E8))=ABS(Data!C46-Data!E8),Data!C46,IF(MIN(ABS(Data!C46-Data!E8),ABS(Data!D46-Data!E8))=ABS(Data!D46-Data!E8),Data!D46,"")))) | O9: =IF(ISBLANK(Data!G45),"",IF(Data!G45=Data!F45,Data!G45,IF(MIN(ABS(Data!G45-Data!E8),ABS(Data!F45-Data!E8))=ABS(Data!G45-Data!E8),Data!G45,IF(MIN(ABS(Data!G45-Data!E8),ABS(Data!F45-Data!E8))=ABS(Data!F45-Data!E8),Data!F45,"")))) | P9: =IF(OR(M9="",N9=""),1,IF(ABS(N9-M9)>=3,0,IF(ABS(N9-M9)=2,0.5,IF(ABS(N9-M9)=1,0.75,1)))) -> 1 | Q9: =IF(OR(M9="",O9=""),1,IF(ABS(O9-M9)>=3,0,IF(ABS(O9-M9)=2,0.5,IF(ABS(O9-M9)=1,0.75,1)))) -> 1 | R9: =IF(ISBLANK(Data!F8),"",Data!F8) | S9: =IF(ISBLANK(Data!C46),"",IF(Data!C46=Data!D46,Data!C46,IF(MIN(ABS(Data!C46-Data!E8),ABS(Data!D46-Data!E8))=ABS(Data!C46-Data!E8),Data!C46,IF(MIN(ABS(Data!C46-Data!E8),ABS(Data!D46-Data!E8))=ABS(Data!D46-Data!E8),Data!D46,"")))) | T9: =IF(ISBLANK(Data!G45),"",IF(Data!G45=Data!G45,Data!G45,IF(MIN(ABS(Data!G45-Data!F8),ABS(Data!G45-Data!F8))=ABS(Data!G45-Data!F8),Data!G45,IF(MIN(ABS(Data!G45-Data!F8),ABS(Data!G45-Data!F8))=ABS(Data!G45-Data!F8),Data!G45,"")))) | U9: =IF(OR(R9="",S9=""),1,IF(ABS(S9-R9)>=3,0,IF(ABS(S9-R9)=2,0.5,IF(ABS(S9-R9)=1,0.75,1)))) -> 1 | V9: =IF(OR(R9="",T9=""),1,IF(ABS(T9-R9)>=3,0,IF(ABS(T9-R9)=2,0.5,IF(ABS(T9-R9)=1,0.75,1)))) -> 1 | W9: =AVERAGE(F9,K9,P9,U9) -> 1 | X9: =AVERAGE(G9,L9,Q9,V9) -> 1 | Y9: =+IF(W9>=0.8,1,IF(W9>=0.65,0.75,IF(W9>=0.5,0.5,IF(W9>=0.35,0.25,0)))) -> 1 | Z9: =+IF(X9>=0.8,1,IF(X9>=0.65,0.75,IF(X9>=0.5,0.5,IF(X9>=0.35,0.25,0)))) -> 1
B10: =B9+1 -> 4 | C10: =IF(ISBLANK(Data!C9),"",Data!C9) | E10: =IF(ISBLANK(Data!F46),"",IF(Data!F46=Data!E46,Data!F46,IF(MIN(ABS(Data!F46-Data!C9),ABS(Data!E46-Data!C9))=ABS(Data!F46-Data!C9),Data!F46,IF(MIN(ABS(Data!F46-Data!C9),ABS(Data!E46-Data!C9))=ABS(Data!E46-Data!C9),Data!E46,"")))) | F10: =IF(OR(C10="",D10=""),1,IF(ABS(D10-C10)>=3,0,IF(ABS(D10-C10)=2,0.5,IF(ABS(D10-C10)=1,0.75,1)))) -> 1 | G10: =IF(OR(C10="",E10=""),1,IF(ABS(E10-C10)>=3,0,IF(ABS(E10-C10)=2,0.5,IF(ABS(E10-C10)=1,0.75,1)))) -> 1 | H10: =IF(ISBLANK(Data!D9),"",Data!D9) | J10: =IF(ISBLANK(Data!F46),"",IF(Data!F46=Data!G46,Data!F46,IF(MIN(ABS(Data!F46-Data!E9),ABS(Data!G46-Data!E9))=ABS(Data!F46-Data!E9),Data!F46,IF(MIN(ABS(Data!F46-Data!E9),ABS(Data!G46-Data!E9))=ABS(Data!G46-Data!E9),Data!G46,"")))) | K10: =IF(OR(H10="",I10=""),1,IF(ABS(I10-H10)>=3,0,IF(ABS(I10-H10)=2,0.5,IF(ABS(I10-H10)=1,0.75,1)))) -> 1 | L10: =IF(OR(H10="",J10=""),1,IF(ABS(J10-H10)>=3,0,IF(ABS(J10-H10)=2,0.5,IF(ABS(J10-H10)=1,0.75,1)))) -> 1 | M10: =IF(ISBLANK(Data!E9),"",Data!E9) | N10: =IF(ISBLANK(Data!C47),"",IF(Data!C47=Data!D47,Data!C47,IF(MIN(ABS(Data!C47-Data!E9),ABS(Data!D47-Data!E9))=ABS(Data!C47-Data!E9),Data!C47,IF(MIN(ABS(Data!C47-Data!E9),ABS(Data!D47-Data!E9))=ABS(Data!D47-Data!E9),Data!D47,"")))) | O10: =IF(ISBLANK(Data!G46),"",IF(Data!G46=Data!F46,Data!G46,IF(MIN(ABS(Data!G46-Data!E9),ABS(Data!F46-Data!E9))=ABS(Data!G46-Data!E9),Data!G46,IF(MIN(ABS(Data!G46-Data!E9),ABS(Data!F46-Data!E9))=ABS(Data!F46-Data!E9),Data!F46,"")))) | P10: =IF(OR(M10="",N10=""),1,IF(ABS(N10-M10)>=3,0,IF(ABS(N10-M10)=2,0.5,IF(ABS(N10-M10)=1,0.75,1)))) -> 1 | Q10: =IF(OR(M10="",O10=""),1,IF(ABS(O10-M10)>=3,0,IF(ABS(O10-M10)=2,0.5,IF(ABS(O10-M10)=1,0.75,1)))) -> 1 | R10: =IF(ISBLANK(Data!F9),"",Data!F9) | S10: =IF(ISBLANK(Data!C47),"",IF(Data!C47=Data!D47,Data!C47,IF(MIN(ABS(Data!C47-Data!E9),ABS(Data!D47-Data!E9))=ABS(Data!C47-Data!E9),Data!C47,IF(MIN(ABS(Data!C47-Data!E9),ABS(Data!D47-Data!E9))=ABS(Data!D47-Data!E9),Data!D47,"")))) | T10: =IF(ISBLANK(Data!G46),"",IF(Data!G46=Data!G46,Data!G46,IF(MIN(ABS(Data!G46-Data!F9),ABS(Data!G46-Data!F9))=ABS(Data!G46-Data!F9),Data!G46,IF(MIN(ABS(Data!G46-Data!F9),ABS(Data!G46-Data!F9))=ABS(Data!G46-Data!F9),Data!G46,"")))) | U10: =IF(OR(R10="",S10=""),1,IF(ABS(S10-R10)>=3,0,IF(ABS(S10-R10)=2,0.5,IF(ABS(S10-R10)=1,0.75,1)))) -> 1 | V10: =IF(OR(R10="",T10=""),1,IF(ABS(T10-R10)>=3,0,IF(ABS(T10-R10)=2,0.5,IF(ABS(T10-R10)=1,0.75,1)))) -> 1 | W10: =AVERAGE(F10,K10,P10,U10) -> 1 | X10: =AVERAGE(G10,L10,Q10,V10) -> 1 | Y10: =+IF(W10>=0.8,1,IF(W10>=0.65,0.75,IF(W10>=0.5,0.5,IF(W10>=0.35,0.25,0)))) -> 1 | Z10: =+IF(X10>=0.8,1,IF(X10>=0.65,0.75,IF(X10>=0.5,0.5,IF(X10>=0.35,0.25,0)))) -> 1
B11: =B10+1 -> 5 | C11: =IF(ISBLANK(Data!C10),"",Data!C10) | E11: =IF(ISBLANK(Data!F47),"",IF(Data!F47=Data!E47,Data!F47,IF(MIN(ABS(Data!F47-Data!C10),ABS(Data!E47-Data!C10))=ABS(Data!F47-Data!C10),Data!F47,IF(MIN(ABS(Data!F47-Data!C10),ABS(Data!E47-Data!C10))=ABS(Data!E47-Data!C10),Data!E47,"")))) | F11: =IF(OR(C11="",D11=""),1,IF(ABS(D11-C11)>=3,0,IF(ABS(D11-C11)=2,0.5,IF(ABS(D11-C11)=1,0.75,1)))) -> 1 | G11: =IF(OR(C11="",E11=""),1,IF(ABS(E11-C11)>=3,0,IF(ABS(E11-C11)=2,0.5,IF(ABS(E11-C11)=1,0.75,1)))) -> 1 | H11: =IF(ISBLANK(Data!D10),"",Data!D10) | J11: =IF(ISBLANK(Data!F47),"",IF(Data!F47=Data!G47,Data!F47,IF(MIN(ABS(Data!F47-Data!E10),ABS(Data!G47-Data!E10))=ABS(Data!F47-Data!E10),Data!F47,IF(MIN(ABS(Data!F47-Data!E10),ABS(Data!G47-Data!E10))=ABS(Data!G47-Data!E10),Data!G47,"")))) | K11: =IF(OR(H11="",I11=""),1,IF(ABS(I11-H11)>=3,0,IF(ABS(I11-H11)=2,0.5,IF(ABS(I11-H11)=1,0.75,1)))) -> 1 | L11: =IF(OR(H11="",J11=""),1,IF(ABS(J11-H11)>=3,0,IF(ABS(J11-H11)=2,0.5,IF(ABS(J11-H11)=1,0.75,1)))) -> 1 | M11: =IF(ISBLANK(Data!E10),"",Data!E10) | N11: =IF(ISBLANK(Data!C48),"",IF(Data!C48=Data!D48,Data!C48,IF(MIN(ABS(Data!C48-Data!E10),ABS(Data!D48-Data!E10))=ABS(Data!C48-Data!E10),Data!C48,IF(MIN(ABS(Data!C48-Data!E10),ABS(Data!D48-Data!E10))=ABS(Data!D48-Data!E10),Data!D48,"")))) | O11: =IF(ISBLANK(Data!G47),"",IF(Data!G47=Data!F47,Data!G47,IF(MIN(ABS(Data!G47-Data!E10),ABS(Data!F47-Data!E10))=ABS(Data!G47-Data!E10),Data!G47,IF(MIN(ABS(Data!G47-Data!E10),ABS(Data!F47-Data!E10))=ABS(Data!F47-Data!E10),Data!F47,"")))) | P11: =IF(OR(M11="",N11=""),1,IF(ABS(N11-M11)>=3,0,IF(ABS(N11-M11)=2,0.5,IF(ABS(N11-M11)=1,0.75,1)))) -> 1 | Q11: =IF(OR(M11="",O11=""),1,IF(ABS(O11-M11)>=3,0,IF(ABS(O11-M11)=2,0.5,IF(ABS(O11-M11)=1,0.75,1)))) -> 1 | R11: =IF(ISBLANK(Data!F10),"",Data!F10) | S11: =IF(ISBLANK(Data!C48),"",IF(Data!C48=Data!D48,Data!C48,IF(MIN(ABS(Data!C48-Data!E10),ABS(Data!D48-Data!E10))=ABS(Data!C48-Data!E10),Data!C48,IF(MIN(ABS(Data!C48-Data!E10),ABS(Data!D48-Data!E10))=ABS(Data!D48-Data!E10),Data!D48,"")))) | T11: =IF(ISBLANK(Data!G47),"",IF(Data!G47=Data!G47,Data!G47,IF(MIN(ABS(Data!G47-Data!F10),ABS(Data!G47-Data!F10))=ABS(Data!G47-Data!F10),Data!G47,IF(MIN(ABS(Data!G47-Data!F10),ABS(Data!G47-Data!F10))=ABS(Data!G47-Data!F10),Data!G47,"")))) | U11: =IF(OR(R11="",S11=""),1,IF(ABS(S11-R11)>=3,0,IF(ABS(S11-R11)=2,0.5,IF(ABS(S11-R11)=1,0.75,1)))) -> 1 | V11: =IF(OR(R11="",T11=""),1,IF(ABS(T11-R11)>=3,0,IF(ABS(T11-R11)=2,0.5,IF(ABS(T11-R11)=1,0.75,1)))) -> 1 | W11: =AVERAGE(F11,K11,P11,U11) -> 1 | X11: =AVERAGE(G11,L11,Q11,V11) -> 1 | Y11: =+IF(W11>=0.8,1,IF(W11>=0.65,0.75,IF(W11>=0.5,0.5,IF(W11>=0.35,0.25,0)))) -> 1 | Z11: =+IF(X11>=0.8,1,IF(X11>=0.65,0.75,IF(X11>=0.5,0.5,IF(X11>=0.35,0.25,0)))) -> 1
B12: =B11+1 -> 6 | C12: =IF(ISBLANK(Data!C11),"",Data!C11) | E12: =IF(ISBLANK(Data!F48),"",IF(Data!F48=Data!E48,Data!F48,IF(MIN(ABS(Data!F48-Data!C11),ABS(Data!E48-Data!C11))=ABS(Data!F48-Data!C11),Data!F48,IF(MIN(ABS(Data!F48-Data!C11),ABS(Data!E48-Data!C11))=ABS(Data!E48-Data!C11),Data!E48,"")))) | F12: =IF(OR(C12="",D12=""),1,IF(ABS(D12-C12)>=3,0,IF(ABS(D12-C12)=2,0.5,IF(ABS(D12-C12)=1,0.75,1)))) -> 1 | G12: =IF(OR(C12="",E12=""),1,IF(ABS(E12-C12)>=3,0,IF(ABS(E12-C12)=2,0.5,IF(ABS(E12-C12)=1,0.75,1)))) -> 1 | H12: =IF(ISBLANK(Data!D11),"",Data!D11) | J12: =IF(ISBLANK(Data!F48),"",IF(Data!F48=Data!G48,Data!F48,IF(MIN(ABS(Data!F48-Data!E11),ABS(Data!G48-Data!E11))=ABS(Data!F48-Data!E11),Data!F48,IF(MIN(ABS(Data!F48-Data!E11),ABS(Data!G48-Data!E11))=ABS(Data!G48-Data!E11),Data!G48,"")))) | K12: =IF(OR(H12="",I12=""),1,IF(ABS(I12-H12)>=3,0,IF(ABS(I12-H12)=2,0.5,IF(ABS(I12-H12)=1,0.75,1)))) -> 1 | L12: =IF(OR(H12="",J12=""),1,IF(ABS(J12-H12)>=3,0,IF(ABS(J12-H12)=2,0.5,IF(ABS(J12-H12)=1,0.75,1)))) -> 1 | M12: =IF(ISBLANK(Data!E11),"",Data!E11) | N12: =IF(ISBLANK(Data!C49),"",IF(Data!C49=Data!D49,Data!C49,IF(MIN(ABS(Data!C49-Data!E11),ABS(Data!D49-Data!E11))=ABS(Data!C49-Data!E11),Data!C49,IF(MIN(ABS(Data!C49-Data!E11),ABS(Data!D49-Data!E11))=ABS(Data!D49-Data!E11),Data!D49,"")))) | O12: =IF(ISBLANK(Data!G48),"",IF(Data!G48=Data!F48,Data!G48,IF(MIN(ABS(Data!G48-Data!E11),ABS(Data!F48-Data!E11))=ABS(Data!G48-Data!E11),Data!G48,IF(MIN(ABS(Data!G48-Data!E11),ABS(Data!F48-Data!E11))=ABS(Data!F48-Data!E11),Data!F48,"")))) | P12: =IF(OR(M12="",N12=""),1,IF(ABS(N12-M12)>=3,0,IF(ABS(N12-M12)=2,0.5,IF(ABS(N12-M12)=1,0.75,1)))) -> 1 | Q12: =IF(OR(M12="",O12=""),1,IF(ABS(O12-M12)>=3,0,IF(ABS(O12-M12)=2,0.5,IF(ABS(O12-M12)=1,0.75,1)))) -> 1 | R12: =IF(ISBLANK(Data!F11),"",Data!F11) | S12: =IF(ISBLANK(Data!C49),"",IF(Data!C49=Data!D49,Data!C49,IF(MIN(ABS(Data!C49-Data!E11),ABS(Data!D49-Data!E11))=ABS(Data!C49-Data!E11),Data!C49,IF(MIN(ABS(Data!C49-Data!E11),ABS(Data!D49-Data!E11))=ABS(Data!D49-Data!E11),Data!D49,"")))) | T12: =IF(ISBLANK(Data!G48),"",IF(Data!G48=Data!G48,Data!G48,IF(MIN(ABS(Data!G48-Data!F11),ABS(Data!G48-Data!F11))=ABS(Data!G48-Data!F11),Data!G48,IF(MIN(ABS(Data!G48-Data!F11),ABS(Data!G48-Data!F11))=ABS(Data!G48-Data!F11),Data!G48,"")))) | U12: =IF(OR(R12="",S12=""),1,IF(ABS(S12-R12)>=3,0,IF(ABS(S12-R12)=2,0.5,IF(ABS(S12-R12)=1,0.75,1)))) -> 1 | V12: =IF(OR(R12="",T12=""),1,IF(ABS(T12-R12)>=3,0,IF(ABS(T12-R12)=2,0.5,IF(ABS(T12-R12)=1,0.75,1)))) -> 1 | W12: =AVERAGE(F12,K12,P12,U12) -> 1 | X12: =AVERAGE(G12,L12,Q12,V12) -> 1 | Y12: =+IF(W12>=0.8,1,IF(W12>=0.65,0.75,IF(W12>=0.5,0.5,IF(W12>=0.35,0.25,0)))) -> 1 | Z12: =+IF(X12>=0.8,1,IF(X12>=0.65,0.75,IF(X12>=0.5,0.5,IF(X12>=0.35,0.25,0)))) -> 1
B13: =B12+1 -> 7 | C13: =IF(ISBLANK(Data!C12),"",Data!C12) | E13: =IF(ISBLANK(Data!F49),"",IF(Data!F49=Data!E49,Data!F49,IF(MIN(ABS(Data!F49-Data!C12),ABS(Data!E49-Data!C12))=ABS(Data!F49-Data!C12),Data!F49,IF(MIN(ABS(Data!F49-Data!C12),ABS(Data!E49-Data!C12))=ABS(Data!E49-Data!C12),Data!E49,"")))) | F13: =IF(OR(C13="",D13=""),1,IF(ABS(D13-C13)>=3,0,IF(ABS(D13-C13)=2,0.5,IF(ABS(D13-C13)=1,0.75,1)))) -> 1 | G13: =IF(OR(C13="",E13=""),1,IF(ABS(E13-C13)>=3,0,IF(ABS(E13-C13)=2,0.5,IF(ABS(E13-C13)=1,0.75,1)))) -> 1 | H13: =IF(ISBLANK(Data!D12),"",Data!D12) | J13: =IF(ISBLANK(Data!F49),"",IF(Data!F49=Data!G49,Data!F49,IF(MIN(ABS(Data!F49-Data!E12),ABS(Data!G49-Data!E12))=ABS(Data!F49-Data!E12),Data!F49,IF(MIN(ABS(Data!F49-Data!E12),ABS(Data!G49-Data!E12))=ABS(Data!G49-Data!E12),Data!G49,"")))) | K13: =IF(OR(H13="",I13=""),1,IF(ABS(I13-H13)>=3,0,IF(ABS(I13-H13)=2,0.5,IF(ABS(I13-H13)=1,0.75,1)))) -> 1 | L13: =IF(OR(H13="",J13=""),1,IF(ABS(J13-H13)>=3,0,IF(ABS(J13-H13)=2,0.5,IF(ABS(J13-H13)=1,0.75,1)))) -> 1 | M13: =IF(ISBLANK(Data!E12),"",Data!E12) | N13: =IF(ISBLANK(Data!C50),"",IF(Data!C50=Data!D50,Data!C50,IF(MIN(ABS(Data!C50-Data!E12),ABS(Data!D50-Data!E12))=ABS(Data!C50-Data!E12),Data!C50,IF(MIN(ABS(Data!C50-Data!E12),ABS(Data!D50-Data!E12))=ABS(Data!D50-Data!E12),Data!D50,"")))) | O13: =IF(ISBLANK(Data!G49),"",IF(Data!G49=Data!F49,Data!G49,IF(MIN(ABS(Data!G49-Data!E12),ABS(Data!F49-Data!E12))=ABS(Data!G49-Data!E12),Data!G49,IF(MIN(ABS(Data!G49-Data!E12),ABS(Data!F49-Data!E12))=ABS(Data!F49-Data!E12),Data!F49,"")))) | P13: =IF(OR(M13="",N13=""),1,IF(ABS(N13-M13)>=3,0,IF(ABS(N13-M13)=2,0.5,IF(ABS(N13-M13)=1,0.75,1)))) -> 1 | Q13: =IF(OR(M13="",O13=""),1,IF(ABS(O13-M13)>=3,0,IF(ABS(O13-M13)=2,0.5,IF(ABS(O13-M13)=1,0.75,1)))) -> 1 | R13: =IF(ISBLANK(Data!F12),"",Data!F12) | S13: =IF(ISBLANK(Data!C50),"",IF(Data!C50=Data!D50,Data!C50,IF(MIN(ABS(Data!C50-Data!E12),ABS(Data!D50-Data!E12))=ABS(Data!C50-Data!E12),Data!C50,IF(MIN(ABS(Data!C50-Data!E12),ABS(Data!D50-Data!E12))=ABS(Data!D50-Data!E12),Data!D50,"")))) | T13: =IF(ISBLANK(Data!G49),"",IF(Data!G49=Data!G49,Data!G49,IF(MIN(ABS(Data!G49-Data!F12),ABS(Data!G49-Data!F12))=ABS(Data!G49-Data!F12),Data!G49,IF(MIN(ABS(Data!G49-Data!F12),ABS(Data!G49-Data!F12))=ABS(Data!G49-Data!F12),Data!G49,"")))) | U13: =IF(OR(R13="",S13=""),1,IF(ABS(S13-R13)>=3,0,IF(ABS(S13-R13)=2,0.5,IF(ABS(S13-R13)=1,0.75,1)))) -> 1 | V13: =IF(OR(R13="",T13=""),1,IF(ABS(T13-R13)>=3,0,IF(ABS(T13-R13)=2,0.5,IF(ABS(T13-R13)=1,0.75,1)))) -> 1 | W13: =AVERAGE(F13,K13,P13,U13) -> 1 | X13: =AVERAGE(G13,L13,Q13,V13) -> 1 | Y13: =+IF(W13>=0.8,1,IF(W13>=0.65,0.75,IF(W13>=0.5,0.5,IF(W13>=0.35,0.25,0)))) -> 1 | Z13: =+IF(X13>=0.8,1,IF(X13>=0.65,0.75,IF(X13>=0.5,0.5,IF(X13>=0.35,0.25,0)))) -> 1
B14: =B13+1 -> 8 | C14: =IF(ISBLANK(Data!C13),"",Data!C13) | E14: =IF(ISBLANK(Data!F50),"",IF(Data!F50=Data!E50,Data!F50,IF(MIN(ABS(Data!F50-Data!C13),ABS(Data!E50-Data!C13))=ABS(Data!F50-Data!C13),Data!F50,IF(MIN(ABS(Data!F50-Data!C13),ABS(Data!E50-Data!C13))=ABS(Data!E50-Data!C13),Data!E50,"")))) | F14: =IF(OR(C14="",D14=""),1,IF(ABS(D14-C14)>=3,0,IF(ABS(D14-C14)=2,0.5,IF(ABS(D14-C14)=1,0.75,1)))) -> 1 | G14: =IF(OR(C14="",E14=""),1,IF(ABS(E14-C14)>=3,0,IF(ABS(E14-C14)=2,0.5,IF(ABS(E14-C14)=1,0.75,1)))) -> 1 | H14: =IF(ISBLANK(Data!D13),"",Data!D13) | J14: =IF(ISBLANK(Data!F50),"",IF(Data!F50=Data!G50,Data!F50,IF(MIN(ABS(Data!F50-Data!E13),ABS(Data!G50-Data!E13))=ABS(Data!F50-Data!E13),Data!F50,IF(MIN(ABS(Data!F50-Data!E13),ABS(Data!G50-Data!E13))=ABS(Data!G50-Data!E13),Data!G50,"")))) | K14: =IF(OR(H14="",I14=""),1,IF(ABS(I14-H14)>=3,0,IF(ABS(I14-H14)=2,0.5,IF(ABS(I14-H14)=1,0.75,1)))) -> 1 | L14: =IF(OR(H14="",J14=""),1,IF(ABS(J14-H14)>=3,0,IF(ABS(J14-H14)=2,0.5,IF(ABS(J14-H14)=1,0.75,1)))) -> 1 | M14: =IF(ISBLANK(Data!E13),"",Data!E13) | N14: =IF(ISBLANK(Data!C51),"",IF(Data!C51=Data!D51,Data!C51,IF(MIN(ABS(Data!C51-Data!E13),ABS(Data!D51-Data!E13))=ABS(Data!C51-Data!E13),Data!C51,IF(MIN(ABS(Data!C51-Data!E13),ABS(Data!D51-Data!E13))=ABS(Data!D51-Data!E13),Data!D51,"")))) | O14: =IF(ISBLANK(Data!G50),"",IF(Data!G50=Data!F50,Data!G50,IF(MIN(ABS(Data!G50-Data!E13),ABS(Data!F50-Data!E13))=ABS(Data!G50-Data!E13),Data!G50,IF(MIN(ABS(Data!G50-Data!E13),ABS(Data!F50-Data!E13))=ABS(Data!F50-Data!E13),Data!F50,"")))) | P14: =IF(OR(M14="",N14=""),1,IF(ABS(N14-M14)>=3,0,IF(ABS(N14-M14)=2,0.5,IF(ABS(N14-M14)=1,0.75,1)))) -> 1 | Q14: =IF(OR(M14="",O14=""),1,IF(ABS(O14-M14)>=3,0,IF(ABS(O14-M14)=2,0.5,IF(ABS(O14-M14)=1,0.75,1)))) -> 1 | R14: =IF(ISBLANK(Data!F13),"",Data!F13) | S14: =IF(ISBLANK(Data!C51),"",IF(Data!C51=Data!D51,Data!C51,IF(MIN(ABS(Data!C51-Data!E13),ABS(Data!D51-Data!E13))=ABS(Data!C51-Data!E13),Data!C51,IF(MIN(ABS(Data!C51-Data!E13),ABS(Data!D51-Data!E13))=ABS(Data!D51-Data!E13),Data!D51,"")))) | T14: =IF(ISBLANK(Data!G50),"",IF(Data!G50=Data!G50,Data!G50,IF(MIN(ABS(Data!G50-Data!F13),ABS(Data!G50-Data!F13))=ABS(Data!G50-Data!F13),Data!G50,IF(MIN(ABS(Data!G50-Data!F13),ABS(Data!G50-Data!F13))=ABS(Data!G50-Data!F13),Data!G50,"")))) | U14: =IF(OR(R14="",S14=""),1,IF(ABS(S14-R14)>=3,0,IF(ABS(S14-R14)=2,0.5,IF(ABS(S14-R14)=1,0.75,1)))) -> 1 | V14: =IF(OR(R14="",T14=""),1,IF(ABS(T14-R14)>=3,0,IF(ABS(T14-R14)=2,0.5,IF(ABS(T14-R14)=1,0.75,1)))) -> 1 | W14: =AVERAGE(F14,K14,P14,U14) -> 1 | X14: =AVERAGE(G14,L14,Q14,V14) -> 1 | Y14: =+IF(W14>=0.8,1,IF(W14>=0.65,0.75,IF(W14>=0.5,0.5,IF(W14>=0.35,0.25,0)))) -> 1 | Z14: =+IF(X14>=0.8,1,IF(X14>=0.65,0.75,IF(X14>=0.5,0.5,IF(X14>=0.35,0.25,0)))) -> 1
B15: =B14+1 -> 9 | C15: =IF(ISBLANK(Data!C14),"",Data!C14) | E15: =IF(ISBLANK(Data!F51),"",IF(Data!F51=Data!E51,Data!F51,IF(MIN(ABS(Data!F51-Data!C14),ABS(Data!E51-Data!C14))=ABS(Data!F51-Data!C14),Data!F51,IF(MIN(ABS(Data!F51-Data!C14),ABS(Data!E51-Data!C14))=ABS(Data!E51-Data!C14),Data!E51,"")))) | F15: =IF(OR(C15="",D15=""),1,IF(ABS(D15-C15)>=3,0,IF(ABS(D15-C15)=2,0.5,IF(ABS(D15-C15)=1,0.75,1)))) -> 1 | G15: =IF(OR(C15="",E15=""),1,IF(ABS(E15-C15)>=3,0,IF(ABS(E15-C15)=2,0.5,IF(ABS(E15-C15)=1,0.75,1)))) -> 1 | H15: =IF(ISBLANK(Data!D14),"",Data!D14) | J15: =IF(ISBLANK(Data!F51),"",IF(Data!F51=Data!G51,Data!F51,IF(MIN(ABS(Data!F51-Data!E14),ABS(Data!G51-Data!E14))=ABS(Data!F51-Data!E14),Data!F51,IF(MIN(ABS(Data!F51-Data!E14),ABS(Data!G51-Data!E14))=ABS(Data!G51-Data!E14),Data!G51,"")))) | K15: =IF(OR(H15="",I15=""),1,IF(ABS(I15-H15)>=3,0,IF(ABS(I15-H15)=2,0.5,IF(ABS(I15-H15)=1,0.75,1)))) -> 1 | L15: =IF(OR(H15="",J15=""),1,IF(ABS(J15-H15)>=3,0,IF(ABS(J15-H15)=2,0.5,IF(ABS(J15-H15)=1,0.75,1)))) -> 1 | M15: =IF(ISBLANK(Data!E14),"",Data!E14) | N15: =IF(ISBLANK(Data!C52),"",IF(Data!C52=Data!D52,Data!C52,IF(MIN(ABS(Data!C52-Data!E14),ABS(Data!D52-Data!E14))=ABS(Data!C52-Data!E14),Data!C52,IF(MIN(ABS(Data!C52-Data!E14),ABS(Data!D52-Data!E14))=ABS(Data!D52-Data!E14),Data!D52,"")))) | O15: =IF(ISBLANK(Data!G51),"",IF(Data!G51=Data!F51,Data!G51,IF(MIN(ABS(Data!G51-Data!E14),ABS(Data!F51-Data!E14))=ABS(Data!G51-Data!E14),Data!G51,IF(MIN(ABS(Data!G51-Data!E14),ABS(Data!F51-Data!E14))=ABS(Data!F51-Data!E14),Data!F51,"")))) | P15: =IF(OR(M15="",N15=""),1,IF(ABS(N15-M15)>=3,0,IF(ABS(N15-M15)=2,0.5,IF(ABS(N15-M15)=1,0.75,1)))) -> 1 | Q15: =IF(OR(M15="",O15=""),1,IF(ABS(O15-M15)>=3,0,IF(ABS(O15-M15)=2,0.5,IF(ABS(O15-M15)=1,0.75,1)))) -> 1 | R15: =IF(ISBLANK(Data!F14),"",Data!F14) | S15: =IF(ISBLANK(Data!C52),"",IF(Data!C52=Data!D52,Data!C52,IF(MIN(ABS(Data!C52-Data!E14),ABS(Data!D52-Data!E14))=ABS(Data!C52-Data!E14),Data!C52,IF(MIN(ABS(Data!C52-Data!E14),ABS(Data!D52-Data!E14))=ABS(Data!D52-Data!E14),Data!D52,"")))) | T15: =IF(ISBLANK(Data!G51),"",IF(Data!G51=Data!G51,Data!G51,IF(MIN(ABS(Data!G51-Data!F14),ABS(Data!G51-Data!F14))=ABS(Data!G51-Data!F14),Data!G51,IF(MIN(ABS(Data!G51-Data!F14),ABS(Data!G51-Data!F14))=ABS(Data!G51-Data!F14),Data!G51,"")))) | U15: =IF(OR(R15="",S15=""),1,IF(ABS(S15-R15)>=3,0,IF(ABS(S15-R15)=2,0.5,IF(ABS(S15-R15)=1,0.75,1)))) -> 1 | V15: =IF(OR(R15="",T15=""),1,IF(ABS(T15-R15)>=3,0,IF(ABS(T15-R15)=2,0.5,IF(ABS(T15-R15)=1,0.75,1)))) -> 1 | W15: =AVERAGE(F15,K15,P15,U15) -> 1 | X15: =AVERAGE(G15,L15,Q15,V15) -> 1 | Y15: =+IF(W15>=0.8,1,IF(W15>=0.65,0.75,IF(W15>=0.5,0.5,IF(W15>=0.35,0.25,0)))) -> 1 | Z15: =+IF(X15>=0.8,1,IF(X15>=0.65,0.75,IF(X15>=0.5,0.5,IF(X15>=0.35,0.25,0)))) -> 1
B16: =B15+1 -> 10 | C16: =IF(ISBLANK(Data!C15),"",Data!C15) | E16: =IF(ISBLANK(Data!F52),"",IF(Data!F52=Data!E52,Data!F52,IF(MIN(ABS(Data!F52-Data!C15),ABS(Data!E52-Data!C15))=ABS(Data!F52-Data!C15),Data!F52,IF(MIN(ABS(Data!F52-Data!C15),ABS(Data!E52-Data!C15))=ABS(Data!E52-Data!C15),Data!E52,"")))) | F16: =IF(OR(C16="",D16=""),1,IF(ABS(D16-C16)>=3,0,IF(ABS(D16-C16)=2,0.5,IF(ABS(D16-C16)=1,0.75,1)))) -> 1 | G16: =IF(OR(C16="",E16=""),1,IF(ABS(E16-C16)>=3,0,IF(ABS(E16-C16)=2,0.5,IF(ABS(E16-C16)=1,0.75,1)))) -> 1 | H16: =IF(ISBLANK(Data!D15),"",Data!D15) | J16: =IF(ISBLANK(Data!F52),"",IF(Data!F52=Data!G52,Data!F52,IF(MIN(ABS(Data!F52-Data!E15),ABS(Data!G52-Data!E15))=ABS(Data!F52-Data!E15),Data!F52,IF(MIN(ABS(Data!F52-Data!E15),ABS(Data!G52-Data!E15))=ABS(Data!G52-Data!E15),Data!G52,"")))) | K16: =IF(OR(H16="",I16=""),1,IF(ABS(I16-H16)>=3,0,IF(ABS(I16-H16)=2,0.5,IF(ABS(I16-H16)=1,0.75,1)))) -> 1 | L16: =IF(OR(H16="",J16=""),1,IF(ABS(J16-H16)>=3,0,IF(ABS(J16-H16)=2,0.5,IF(ABS(J16-H16)=1,0.75,1)))) -> 1 | M16: =IF(ISBLANK(Data!E15),"",Data!E15) | N16: =IF(ISBLANK(Data!C53),"",IF(Data!C53=Data!D53,Data!C53,IF(MIN(ABS(Data!C53-Data!E15),ABS(Data!D53-Data!E15))=ABS(Data!C53-Data!E15),Data!C53,IF(MIN(ABS(Data!C53-Data!E15),ABS(Data!D53-Data!E15))=ABS(Data!D53-Data!E15),Data!D53,"")))) | O16: =IF(ISBLANK(Data!G52),"",IF(Data!G52=Data!F52,Data!G52,IF(MIN(ABS(Data!G52-Data!E15),ABS(Data!F52-Data!E15))=ABS(Data!G52-Data!E15),Data!G52,IF(MIN(ABS(Data!G52-Data!E15),ABS(Data!F52-Data!E15))=ABS(Data!F52-Data!E15),Data!F52,"")))) | P16: =IF(OR(M16="",N16=""),1,IF(ABS(N16-M16)>=3,0,IF(ABS(N16-M16)=2,0.5,IF(ABS(N16-M16)=1,0.75,1)))) -> 1 | Q16: =IF(OR(M16="",O16=""),1,IF(ABS(O16-M16)>=3,0,IF(ABS(O16-M16)=2,0.5,IF(ABS(O16-M16)=1,0.75,1)))) -> 1 | R16: =IF(ISBLANK(Data!F15),"",Data!F15) | S16: =IF(ISBLANK(Data!C53),"",IF(Data!C53=Data!D53,Data!C53,IF(MIN(ABS(Data!C53-Data!E15),ABS(Data!D53-Data!E15))=ABS(Data!C53-Data!E15),Data!C53,IF(MIN(ABS(Data!C53-Data!E15),ABS(Data!D53-Data!E15))=ABS(Data!D53-Data!E15),Data!D53,"")))) | T16: =IF(ISBLANK(Data!G52),"",IF(Data!G52=Data!G52,Data!G52,IF(MIN(ABS(Data!G52-Data!F15),ABS(Data!G52-Data!F15))=ABS(Data!G52-Data!F15),Data!G52,IF(MIN(ABS(Data!G52-Data!F15),ABS(Data!G52-Data!F15))=ABS(Data!G52-Data!F15),Data!G52,"")))) | U16: =IF(OR(R16="",S16=""),1,IF(ABS(S16-R16)>=3,0,IF(ABS(S16-R16)=2,0.5,IF(ABS(S16-R16)=1,0.75,1)))) -> 1 | V16: =IF(OR(R16="",T16=""),1,IF(ABS(T16-R16)>=3,0,IF(ABS(T16-R16)=2,0.5,IF(ABS(T16-R16)=1,0.75,1)))) -> 1 | W16: =AVERAGE(F16,K16,P16,U16) -> 1 | X16: =AVERAGE(G16,L16,Q16,V16) -> 1 | Y16: =+IF(W16>=0.8,1,IF(W16>=0.65,0.75,IF(W16>=0.5,0.5,IF(W16>=0.35,0.25,0)))) -> 1 | Z16: =+IF(X16>=0.8,1,IF(X16>=0.65,0.75,IF(X16>=0.5,0.5,IF(X16>=0.35,0.25,0)))) -> 1 | AB16: =IF(ISBLANK(Data!C44),"",IF(Data!C44=Data!D44,Data!C44,IF(MIN(ABS(Data!C44-Data!E6),ABS(Data!D44-Data!E6))=ABS(Data!C44-Data!E6),Data!C44,IF(MIN(ABS(Data!C44-Data!E6),ABS(Data!D44-Data!E6))=ABS(Data!D44-Data!E6),Data!D44,""))))
B17: =B16+1 -> 11 | C17: =IF(ISBLANK(Data!C16),"",Data!C16) | E17: =IF(ISBLANK(Data!F53),"",IF(Data!F53=Data!E53,Data!F53,IF(MIN(ABS(Data!F53-Data!C16),ABS(Data!E53-Data!C16))=ABS(Data!F53-Data!C16),Data!F53,IF(MIN(ABS(Data!F53-Data!C16),ABS(Data!E53-Data!C16))=ABS(Data!E53-Data!C16),Data!E53,"")))) | F17: =IF(OR(C17="",D17=""),1,IF(ABS(D17-C17)>=3,0,IF(ABS(D17-C17)=2,0.5,IF(ABS(D17-C17)=1,0.75,1)))) -> 1 | G17: =IF(OR(C17="",E17=""),1,IF(ABS(E17-C17)>=3,0,IF(ABS(E17-C17)=2,0.5,IF(ABS(E17-C17)=1,0.75,1)))) -> 1 | H17: =IF(ISBLANK(Data!D16),"",Data!D16) | J17: =IF(ISBLANK(Data!F53),"",IF(Data!F53=Data!G53,Data!F53,IF(MIN(ABS(Data!F53-Data!E16),ABS(Data!G53-Data!E16))=ABS(Data!F53-Data!E16),Data!F53,IF(MIN(ABS(Data!F53-Data!E16),ABS(Data!G53-Data!E16))=ABS(Data!G53-Data!E16),Data!G53,"")))) | K17: =IF(OR(H17="",I17=""),1,IF(ABS(I17-H17)>=3,0,IF(ABS(I17-H17)=2,0.5,IF(ABS(I17-H17)=1,0.75,1)))) -> 1 | L17: =IF(OR(H17="",J17=""),1,IF(ABS(J17-H17)>=3,0,IF(ABS(J17-H17)=2,0.5,IF(ABS(J17-H17)=1,0.75,1)))) -> 1 | M17: =IF(ISBLANK(Data!E16),"",Data!E16) | N17: =IF(ISBLANK(Data!C54),"",IF(Data!C54=Data!D54,Data!C54,IF(MIN(ABS(Data!C54-Data!E16),ABS(Data!D54-Data!E16))=ABS(Data!C54-Data!E16),Data!C54,IF(MIN(ABS(Data!C54-Data!E16),ABS(Data!D54-Data!E16))=ABS(Data!D54-Data!E16),Data!D54,"")))) | O17: =IF(ISBLANK(Data!G53),"",IF(Data!G53=Data!F53,Data!G53,IF(MIN(ABS(Data!G53-Data!E16),ABS(Data!F53-Data!E16))=ABS(Data!G53-Data!E16),Data!G53,IF(MIN(ABS(Data!G53-Data!E16),ABS(Data!F53-Data!E16))=ABS(Data!F53-Data!E16),Data!F53,"")))) | P17: =IF(OR(M17="",N17=""),1,IF(ABS(N17-M17)>=3,0,IF(ABS(N17-M17)=2,0.5,IF(ABS(N17-M17)=1,0.75,1)))) -> 1 | Q17: =IF(OR(M17="",O17=""),1,IF(ABS(O17-M17)>=3,0,IF(ABS(O17-M17)=2,0.5,IF(ABS(O17-M17)=1,0.75,1)))) -> 1 | R17: =IF(ISBLANK(Data!F16),"",Data!F16) | S17: =IF(ISBLANK(Data!C54),"",IF(Data!C54=Data!D54,Data!C54,IF(MIN(ABS(Data!C54-Data!E16),ABS(Data!D54-Data!E16))=ABS(Data!C54-Data!E16),Data!C54,IF(MIN(ABS(Data!C54-Data!E16),ABS(Data!D54-Data!E16))=ABS(Data!D54-Data!E16),Data!D54,"")))) | T17: =IF(ISBLANK(Data!G53),"",IF(Data!G53=Data!G53,Data!G53,IF(MIN(ABS(Data!G53-Data!F16),ABS(Data!G53-Data!F16))=ABS(Data!G53-Data!F16),Data!G53,IF(MIN(ABS(Data!G53-Data!F16),ABS(Data!G53-Data!F16))=ABS(Data!G53-Data!F16),Data!G53,"")))) | U17: =IF(OR(R17="",S17=""),1,IF(ABS(S17-R17)>=3,0,IF(ABS(S17-R17)=2,0.5,IF(ABS(S17-R17)=1,0.75,1)))) -> 1 | V17: =IF(OR(R17="",T17=""),1,IF(ABS(T17-R17)>=3,0,IF(ABS(T17-R17)=2,0.5,IF(ABS(T17-R17)=1,0.75,1)))) -> 1 | W17: =AVERAGE(F17,K17,P17,U17) -> 1 | X17: =AVERAGE(G17,L17,Q17,V17) -> 1 | Y17: =+IF(W17>=0.8,1,IF(W17>=0.65,0.75,IF(W17>=0.5,0.5,IF(W17>=0.35,0.25,0)))) -> 1 | Z17: =+IF(X17>=0.8,1,IF(X17>=0.65,0.75,IF(X17>=0.5,0.5,IF(X17>=0.35,0.25,0)))) -> 1
B18: =B17+1 -> 12 | C18: =IF(ISBLANK(Data!C17),"",Data!C17) | E18: =IF(ISBLANK(Data!F54),"",IF(Data!F54=Data!E54,Data!F54,IF(MIN(ABS(Data!F54-Data!C17),ABS(Data!E54-Data!C17))=ABS(Data!F54-Data!C17),Data!F54,IF(MIN(ABS(Data!F54-Data!C17),ABS(Data!E54-Data!C17))=ABS(Data!E54-Data!C17),Data!E54,"")))) | F18: =IF(OR(C18="",D18=""),1,IF(ABS(D18-C18)>=3,0,IF(ABS(D18-C18)=2,0.5,IF(ABS(D18-C18)=1,0.75,1)))) -> 1 | G18: =IF(OR(C18="",E18=""),1,IF(ABS(E18-C18)>=3,0,IF(ABS(E18-C18)=2,0.5,IF(ABS(E18-C18)=1,0.75,1)))) -> 1 | H18: =IF(ISBLANK(Data!D17),"",Data!D17) | J18: =IF(ISBLANK(Data!F54),"",IF(Data!F54=Data!G54,Data!F54,IF(MIN(ABS(Data!F54-Data!E17),ABS(Data!G54-Data!E17))=ABS(Data!F54-Data!E17),Data!F54,IF(MIN(ABS(Data!F54-Data!E17),ABS(Data!G54-Data!E17))=ABS(Data!G54-Data!E17),Data!G54,"")))) | K18: =IF(OR(H18="",I18=""),1,IF(ABS(I18-H18)>=3,0,IF(ABS(I18-H18)=2,0.5,IF(ABS(I18-H18)=1,0.75,1)))) -> 1 | L18: =IF(OR(H18="",J18=""),1,IF(ABS(J18-H18)>=3,0,IF(ABS(J18-H18)=2,0.5,IF(ABS(J18-H18)=1,0.75,1)))) -> 1 | M18: =IF(ISBLANK(Data!E17),"",Data!E17) | N18: =IF(ISBLANK(Data!C55),"",IF(Data!C55=Data!D55,Data!C55,IF(MIN(ABS(Data!C55-Data!E17),ABS(Data!D55-Data!E17))=ABS(Data!C55-Data!E17),Data!C55,IF(MIN(ABS(Data!C55-Data!E17),ABS(Data!D55-Data!E17))=ABS(Data!D55-Data!E17),Data!D55,"")))) | O18: =IF(ISBLANK(Data!G54),"",IF(Data!G54=Data!F54,Data!G54,IF(MIN(ABS(Data!G54-Data!E17),ABS(Data!F54-Data!E17))=ABS(Data!G54-Data!E17),Data!G54,IF(MIN(ABS(Data!G54-Data!E17),ABS(Data!F54-Data!E17))=ABS(Data!F54-Data!E17),Data!F54,"")))) | P18: =IF(OR(M18="",N18=""),1,IF(ABS(N18-M18)>=3,0,IF(ABS(N18-M18)=2,0.5,IF(ABS(N18-M18)=1,0.75,1)))) -> 1 | Q18: =IF(OR(M18="",O18=""),1,IF(ABS(O18-M18)>=3,0,IF(ABS(O18-M18)=2,0.5,IF(ABS(O18-M18)=1,0.75,1)))) -> 1 | R18: =IF(ISBLANK(Data!F17),"",Data!F17) | S18: =IF(ISBLANK(Data!C55),"",IF(Data!C55=Data!D55,Data!C55,IF(MIN(ABS(Data!C55-Data!E17),ABS(Data!D55-Data!E17))=ABS(Data!C55-Data!E17),Data!C55,IF(MIN(ABS(Data!C55-Data!E17),ABS(Data!D55-Data!E17))=ABS(Data!D55-Data!E17),Data!D55,"")))) | T18: =IF(ISBLANK(Data!G54),"",IF(Data!G54=Data!G54,Data!G54,IF(MIN(ABS(Data!G54-Data!F17),ABS(Data!G54-Data!F17))=ABS(Data!G54-Data!F17),Data!G54,IF(MIN(ABS(Data!G54-Data!F17),ABS(Data!G54-Data!F17))=ABS(Data!G54-Data!F17),Data!G54,"")))) | U18: =IF(OR(R18="",S18=""),1,IF(ABS(S18-R18)>=3,0,IF(ABS(S18-R18)=2,0.5,IF(ABS(S18-R18)=1,0.75,1)))) -> 1 | V18: =IF(OR(R18="",T18=""),1,IF(ABS(T18-R18)>=3,0,IF(ABS(T18-R18)=2,0.5,IF(ABS(T18-R18)=1,0.75,1)))) -> 1 | W18: =AVERAGE(F18,K18,P18,U18) -> 1 | X18: =AVERAGE(G18,L18,Q18,V18) -> 1 | Y18: =+IF(W18>=0.8,1,IF(W18>=0.65,0.75,IF(W18>=0.5,0.5,IF(W18>=0.35,0.25,0)))) -> 1 | Z18: =+IF(X18>=0.8,1,IF(X18>=0.65,0.75,IF(X18>=0.5,0.5,IF(X18>=0.35,0.25,0)))) -> 1
B19: =B18+1 -> 13 | C19: =IF(ISBLANK(Data!C18),"",Data!C18) | E19: =IF(ISBLANK(Data!F55),"",IF(Data!F55=Data!E55,Data!F55,IF(MIN(ABS(Data!F55-Data!C18),ABS(Data!E55-Data!C18))=ABS(Data!F55-Data!C18),Data!F55,IF(MIN(ABS(Data!F55-Data!C18),ABS(Data!E55-Data!C18))=ABS(Data!E55-Data!C18),Data!E55,"")))) | F19: =IF(OR(C19="",D19=""),1,IF(ABS(D19-C19)>=3,0,IF(ABS(D19-C19)=2,0.5,IF(ABS(D19-C19)=1,0.75,1)))) -> 1 | G19: =IF(OR(C19="",E19=""),1,IF(ABS(E19-C19)>=3,0,IF(ABS(E19-C19)=2,0.5,IF(ABS(E19-C19)=1,0.75,1)))) -> 1 | H19: =IF(ISBLANK(Data!D18),"",Data!D18) | J19: =IF(ISBLANK(Data!F55),"",IF(Data!F55=Data!G55,Data!F55,IF(MIN(ABS(Data!F55-Data!E18),ABS(Data!G55-Data!E18))=ABS(Data!F55-Data!E18),Data!F55,IF(MIN(ABS(Data!F55-Data!E18),ABS(Data!G55-Data!E18))=ABS(Data!G55-Data!E18),Data!G55,"")))) | K19: =IF(OR(H19="",I19=""),1,IF(ABS(I19-H19)>=3,0,IF(ABS(I19-H19)=2,0.5,IF(ABS(I19-H19)=1,0.75,1)))) -> 1 | L19: =IF(OR(H19="",J19=""),1,IF(ABS(J19-H19)>=3,0,IF(ABS(J19-H19)=2,0.5,IF(ABS(J19-H19)=1,0.75,1)))) -> 1 | M19: =IF(ISBLANK(Data!E18),"",Data!E18) | N19: =IF(ISBLANK(Data!C56),"",IF(Data!C56=Data!D56,Data!C56,IF(MIN(ABS(Data!C56-Data!E18),ABS(Data!D56-Data!E18))=ABS(Data!C56-Data!E18),Data!C56,IF(MIN(ABS(Data!C56-Data!E18),ABS(Data!D56-Data!E18))=ABS(Data!D56-Data!E18),Data!D56,"")))) | O19: =IF(ISBLANK(Data!G55),"",IF(Data!G55=Data!F55,Data!G55,IF(MIN(ABS(Data!G55-Data!E18),ABS(Data!F55-Data!E18))=ABS(Data!G55-Data!E18),Data!G55,IF(MIN(ABS(Data!G55-Data!E18),ABS(Data!F55-Data!E18))=ABS(Data!F55-Data!E18),Data!F55,"")))) | P19: =IF(OR(M19="",N19=""),1,IF(ABS(N19-M19)>=3,0,IF(ABS(N19-M19)=2,0.5,IF(ABS(N19-M19)=1,0.75,1)))) -> 1 | Q19: =IF(OR(M19="",O19=""),1,IF(ABS(O19-M19)>=3,0,IF(ABS(O19-M19)=2,0.5,IF(ABS(O19-M19)=1,0.75,1)))) -> 1 | R19: =IF(ISBLANK(Data!F18),"",Data!F18) | S19: =IF(ISBLANK(Data!C56),"",IF(Data!C56=Data!D56,Data!C56,IF(MIN(ABS(Data!C56-Data!E18),ABS(Data!D56-Data!E18))=ABS(Data!C56-Data!E18),Data!C56,IF(MIN(ABS(Data!C56-Data!E18),ABS(Data!D56-Data!E18))=ABS(Data!D56-Data!E18),Data!D56,"")))) | T19: =IF(ISBLANK(Data!G55),"",IF(Data!G55=Data!G55,Data!G55,IF(MIN(ABS(Data!G55-Data!F18),ABS(Data!G55-Data!F18))=ABS(Data!G55-Data!F18),Data!G55,IF(MIN(ABS(Data!G55-Data!F18),ABS(Data!G55-Data!F18))=ABS(Data!G55-Data!F18),Data!G55,"")))) | U19: =IF(OR(R19="",S19=""),1,IF(ABS(S19-R19)>=3,0,IF(ABS(S19-R19)=2,0.5,IF(ABS(S19-R19)=1,0.75,1)))) -> 1 | V19: =IF(OR(R19="",T19=""),1,IF(ABS(T19-R19)>=3,0,IF(ABS(T19-R19)=2,0.5,IF(ABS(T19-R19)=1,0.75,1)))) -> 1 | W19: =AVERAGE(F19,K19,P19,U19) -> 1 | X19: =AVERAGE(G19,L19,Q19,V19) -> 1 | Y19: =+IF(W19>=0.8,1,IF(W19>=0.65,0.75,IF(W19>=0.5,0.5,IF(W19>=0.35,0.25,0)))) -> 1 | Z19: =+IF(X19>=0.8,1,IF(X19>=0.65,0.75,IF(X19>=0.5,0.5,IF(X19>=0.35,0.25,0)))) -> 1
B20: =B19+1 -> 14 | C20: =IF(ISBLANK(Data!C19),"",Data!C19) | E20: =IF(ISBLANK(Data!F56),"",IF(Data!F56=Data!E56,Data!F56,IF(MIN(ABS(Data!F56-Data!C19),ABS(Data!E56-Data!C19))=ABS(Data!F56-Data!C19),Data!F56,IF(MIN(ABS(Data!F56-Data!C19),ABS(Data!E56-Data!C19))=ABS(Data!E56-Data!C19),Data!E56,"")))) | F20: =IF(OR(C20="",D20=""),1,IF(ABS(D20-C20)>=3,0,IF(ABS(D20-C20)=2,0.5,IF(ABS(D20-C20)=1,0.75,1)))) -> 1 | G20: =IF(OR(C20="",E20=""),1,IF(ABS(E20-C20)>=3,0,IF(ABS(E20-C20)=2,0.5,IF(ABS(E20-C20)=1,0.75,1)))) -> 1 | H20: =IF(ISBLANK(Data!D19),"",Data!D19) | J20: =IF(ISBLANK(Data!F56),"",IF(Data!F56=Data!G56,Data!F56,IF(MIN(ABS(Data!F56-Data!E19),ABS(Data!G56-Data!E19))=ABS(Data!F56-Data!E19),Data!F56,IF(MIN(ABS(Data!F56-Data!E19),ABS(Data!G56-Data!E19))=ABS(Data!G56-Data!E19),Data!G56,"")))) | K20: =IF(OR(H20="",I20=""),1,IF(ABS(I20-H20)>=3,0,IF(ABS(I20-H20)=2,0.5,IF(ABS(I20-H20)=1,0.75,1)))) -> 1 | L20: =IF(OR(H20="",J20=""),1,IF(ABS(J20-H20)>=3,0,IF(ABS(J20-H20)=2,0.5,IF(ABS(J20-H20)=1,0.75,1)))) -> 1 | M20: =IF(ISBLANK(Data!E19),"",Data!E19) | N20: =IF(ISBLANK(Data!C57),"",IF(Data!C57=Data!D57,Data!C57,IF(MIN(ABS(Data!C57-Data!E19),ABS(Data!D57-Data!E19))=ABS(Data!C57-Data!E19),Data!C57,IF(MIN(ABS(Data!C57-Data!E19),ABS(Data!D57-Data!E19))=ABS(Data!D57-Data!E19),Data!D57,"")))) | O20: =IF(ISBLANK(Data!G56),"",IF(Data!G56=Data!F56,Data!G56,IF(MIN(ABS(Data!G56-Data!E19),ABS(Data!F56-Data!E19))=ABS(Data!G56-Data!E19),Data!G56,IF(MIN(ABS(Data!G56-Data!E19),ABS(Data!F56-Data!E19))=ABS(Data!F56-Data!E19),Data!F56,"")))) | P20: =IF(OR(M20="",N20=""),1,IF(ABS(N20-M20)>=3,0,IF(ABS(N20-M20)=2,0.5,IF(ABS(N20-M20)=1,0.75,1)))) -> 1 | Q20: =IF(OR(M20="",O20=""),1,IF(ABS(O20-M20)>=3,0,IF(ABS(O20-M20)=2,0.5,IF(ABS(O20-M20)=1,0.75,1)))) -> 1 | R20: =IF(ISBLANK(Data!F19),"",Data!F19) | S20: =IF(ISBLANK(Data!C57),"",IF(Data!C57=Data!D57,Data!C57,IF(MIN(ABS(Data!C57-Data!E19),ABS(Data!D57-Data!E19))=ABS(Data!C57-Data!E19),Data!C57,IF(MIN(ABS(Data!C57-Data!E19),ABS(Data!D57-Data!E19))=ABS(Data!D57-Data!E19),Data!D57,"")))) | T20: =IF(ISBLANK(Data!G56),"",IF(Data!G56=Data!G56,Data!G56,IF(MIN(ABS(Data!G56-Data!F19),ABS(Data!G56-Data!F19))=ABS(Data!G56-Data!F19),Data!G56,IF(MIN(ABS(Data!G56-Data!F19),ABS(Data!G56-Data!F19))=ABS(Data!G56-Data!F19),Data!G56,"")))) | U20: =IF(OR(R20="",S20=""),1,IF(ABS(S20-R20)>=3,0,IF(ABS(S20-R20)=2,0.5,IF(ABS(S20-R20)=1,0.75,1)))) -> 1 | V20: =IF(OR(R20="",T20=""),1,IF(ABS(T20-R20)>=3,0,IF(ABS(T20-R20)=2,0.5,IF(ABS(T20-R20)=1,0.75,1)))) -> 1 | W20: =AVERAGE(F20,K20,P20,U20) -> 1 | X20: =AVERAGE(G20,L20,Q20,V20) -> 1 | Y20: =+IF(W20>=0.8,1,IF(W20>=0.65,0.75,IF(W20>=0.5,0.5,IF(W20>=0.35,0.25,0)))) -> 1 | Z20: =+IF(X20>=0.8,1,IF(X20>=0.65,0.75,IF(X20>=0.5,0.5,IF(X20>=0.35,0.25,0)))) -> 1
B21: =B20+1 -> 15 | C21: =IF(ISBLANK(Data!C20),"",Data!C20) | E21: =IF(ISBLANK(Data!F57),"",IF(Data!F57=Data!E57,Data!F57,IF(MIN(ABS(Data!F57-Data!C20),ABS(Data!E57-Data!C20))=ABS(Data!F57-Data!C20),Data!F57,IF(MIN(ABS(Data!F57-Data!C20),ABS(Data!E57-Data!C20))=ABS(Data!E57-Data!C20),Data!E57,"")))) | F21: =IF(OR(C21="",D21=""),1,IF(ABS(D21-C21)>=3,0,IF(ABS(D21-C21)=2,0.5,IF(ABS(D21-C21)=1,0.75,1)))) -> 1 | G21: =IF(OR(C21="",E21=""),1,IF(ABS(E21-C21)>=3,0,IF(ABS(E21-C21)=2,0.5,IF(ABS(E21-C21)=1,0.75,1)))) -> 1 | H21: =IF(ISBLANK(Data!D20),"",Data!D20) | J21: =IF(ISBLANK(Data!F57),"",IF(Data!F57=Data!G57,Data!F57,IF(MIN(ABS(Data!F57-Data!E20),ABS(Data!G57-Data!E20))=ABS(Data!F57-Data!E20),Data!F57,IF(MIN(ABS(Data!F57-Data!E20),ABS(Data!G57-Data!E20))=ABS(Data!G57-Data!E20),Data!G57,"")))) | K21: =IF(OR(H21="",I21=""),1,IF(ABS(I21-H21)>=3,0,IF(ABS(I21-H21)=2,0.5,IF(ABS(I21-H21)=1,0.75,1)))) -> 1 | L21: =IF(OR(H21="",J21=""),1,IF(ABS(J21-H21)>=3,0,IF(ABS(J21-H21)=2,0.5,IF(ABS(J21-H21)=1,0.75,1)))) -> 1 | M21: =IF(ISBLANK(Data!E20),"",Data!E20) | N21: =IF(ISBLANK(Data!C58),"",IF(Data!C58=Data!D58,Data!C58,IF(MIN(ABS(Data!C58-Data!E20),ABS(Data!D58-Data!E20))=ABS(Data!C58-Data!E20),Data!C58,IF(MIN(ABS(Data!C58-Data!E20),ABS(Data!D58-Data!E20))=ABS(Data!D58-Data!E20),Data!D58,"")))) | O21: =IF(ISBLANK(Data!G57),"",IF(Data!G57=Data!F57,Data!G57,IF(MIN(ABS(Data!G57-Data!E20),ABS(Data!F57-Data!E20))=ABS(Data!G57-Data!E20),Data!G57,IF(MIN(ABS(Data!G57-Data!E20),ABS(Data!F57-Data!E20))=ABS(Data!F57-Data!E20),Data!F57,"")))) | P21: =IF(OR(M21="",N21=""),1,IF(ABS(N21-M21)>=3,0,IF(ABS(N21-M21)=2,0.5,IF(ABS(N21-M21)=1,0.75,1)))) -> 1 | Q21: =IF(OR(M21="",O21=""),1,IF(ABS(O21-M21)>=3,0,IF(ABS(O21-M21)=2,0.5,IF(ABS(O21-M21)=1,0.75,1)))) -> 1 | R21: =IF(ISBLANK(Data!F20),"",Data!F20) | S21: =IF(ISBLANK(Data!C58),"",IF(Data!C58=Data!D58,Data!C58,IF(MIN(ABS(Data!C58-Data!E20),ABS(Data!D58-Data!E20))=ABS(Data!C58-Data!E20),Data!C58,IF(MIN(ABS(Data!C58-Data!E20),ABS(Data!D58-Data!E20))=ABS(Data!D58-Data!E20),Data!D58,"")))) | T21: =IF(ISBLANK(Data!G57),"",IF(Data!G57=Data!G57,Data!G57,IF(MIN(ABS(Data!G57-Data!F20),ABS(Data!G57-Data!F20))=ABS(Data!G57-Data!F20),Data!G57,IF(MIN(ABS(Data!G57-Data!F20),ABS(Data!G57-Data!F20))=ABS(Data!G57-Data!F20),Data!G57,"")))) | U21: =IF(OR(R21="",S21=""),1,IF(ABS(S21-R21)>=3,0,IF(ABS(S21-R21)=2,0.5,IF(ABS(S21-R21)=1,0.75,1)))) -> 1 | V21: =IF(OR(R21="",T21=""),1,IF(ABS(T21-R21)>=3,0,IF(ABS(T21-R21)=2,0.5,IF(ABS(T21-R21)=1,0.75,1)))) -> 1 | W21: =AVERAGE(F21,K21,P21,U21) -> 1 | X21: =AVERAGE(G21,L21,Q21,V21) -> 1 | Y21: =+IF(W21>=0.8,1,IF(W21>=0.65,0.75,IF(W21>=0.5,0.5,IF(W21>=0.35,0.25,0)))) -> 1 | Z21: =+IF(X21>=0.8,1,IF(X21>=0.65,0.75,IF(X21>=0.5,0.5,IF(X21>=0.35,0.25,0)))) -> 1
B22: =B21+1 -> 16 | C22: =IF(ISBLANK(Data!C21),"",Data!C21) | E22: =IF(ISBLANK(Data!F58),"",IF(Data!F58=Data!E58,Data!F58,IF(MIN(ABS(Data!F58-Data!C21),ABS(Data!E58-Data!C21))=ABS(Data!F58-Data!C21),Data!F58,IF(MIN(ABS(Data!F58-Data!C21),ABS(Data!E58-Data!C21))=ABS(Data!E58-Data!C21),Data!E58,"")))) | F22: =IF(OR(C22="",D22=""),1,IF(ABS(D22-C22)>=3,0,IF(ABS(D22-C22)=2,0.5,IF(ABS(D22-C22)=1,0.75,1)))) -> 1 | G22: =IF(OR(C22="",E22=""),1,IF(ABS(E22-C22)>=3,0,IF(ABS(E22-C22)=2,0.5,IF(ABS(E22-C22)=1,0.75,1)))) -> 1 | H22: =IF(ISBLANK(Data!D21),"",Data!D21) | J22: =IF(ISBLANK(Data!F58),"",IF(Data!F58=Data!G58,Data!F58,IF(MIN(ABS(Data!F58-Data!E21),ABS(Data!G58-Data!E21))=ABS(Data!F58-Data!E21),Data!F58,IF(MIN(ABS(Data!F58-Data!E21),ABS(Data!G58-Data!E21))=ABS(Data!G58-Data!E21),Data!G58,"")))) | K22: =IF(OR(H22="",I22=""),1,IF(ABS(I22-H22)>=3,0,IF(ABS(I22-H22)=2,0.5,IF(ABS(I22-H22)=1,0.75,1)))) -> 1 | L22: =IF(OR(H22="",J22=""),1,IF(ABS(J22-H22)>=3,0,IF(ABS(J22-H22)=2,0.5,IF(ABS(J22-H22)=1,0.75,1)))) -> 1 | M22: =IF(ISBLANK(Data!E21),"",Data!E21) | N22: =IF(ISBLANK(Data!C59),"",IF(Data!C59=Data!D59,Data!C59,IF(MIN(ABS(Data!C59-Data!E21),ABS(Data!D59-Data!E21))=ABS(Data!C59-Data!E21),Data!C59,IF(MIN(ABS(Data!C59-Data!E21),ABS(Data!D59-Data!E21))=ABS(Data!D59-Data!E21),Data!D59,"")))) | O22: =IF(ISBLANK(Data!G58),"",IF(Data!G58=Data!F58,Data!G58,IF(MIN(ABS(Data!G58-Data!E21),ABS(Data!F58-Data!E21))=ABS(Data!G58-Data!E21),Data!G58,IF(MIN(ABS(Data!G58-Data!E21),ABS(Data!F58-Data!E21))=ABS(Data!F58-Data!E21),Data!F58,"")))) | P22: =IF(OR(M22="",N22=""),1,IF(ABS(N22-M22)>=3,0,IF(ABS(N22-M22)=2,0.5,IF(ABS(N22-M22)=1,0.75,1)))) -> 1 | Q22: =IF(OR(M22="",O22=""),1,IF(ABS(O22-M22)>=3,0,IF(ABS(O22-M22)=2,0.5,IF(ABS(O22-M22)=1,0.75,1)))) -> 1 | R22: =IF(ISBLANK(Data!F21),"",Data!F21) | S22: =IF(ISBLANK(Data!C59),"",IF(Data!C59=Data!D59,Data!C59,IF(MIN(ABS(Data!C59-Data!E21),ABS(Data!D59-Data!E21))=ABS(Data!C59-Data!E21),Data!C59,IF(MIN(ABS(Data!C59-Data!E21),ABS(Data!D59-Data!E21))=ABS(Data!D59-Data!E21),Data!D59,"")))) | T22: =IF(ISBLANK(Data!G58),"",IF(Data!G58=Data!G58,Data!G58,IF(MIN(ABS(Data!G58-Data!F21),ABS(Data!G58-Data!F21))=ABS(Data!G58-Data!F21),Data!G58,IF(MIN(ABS(Data!G58-Data!F21),ABS(Data!G58-Data!F21))=ABS(Data!G58-Data!F21),Data!G58,"")))) | U22: =IF(OR(R22="",S22=""),1,IF(ABS(S22-R22)>=3,0,IF(ABS(S22-R22)=2,0.5,IF(ABS(S22-R22)=1,0.75,1)))) -> 1 | V22: =IF(OR(R22="",T22=""),1,IF(ABS(T22-R22)>=3,0,IF(ABS(T22-R22)=2,0.5,IF(ABS(T22-R22)=1,0.75,1)))) -> 1 | W22: =AVERAGE(F22,K22,P22,U22) -> 1 | X22: =AVERAGE(G22,L22,Q22,V22) -> 1 | Y22: =+IF(W22>=0.8,1,IF(W22>=0.65,0.75,IF(W22>=0.5,0.5,IF(W22>=0.35,0.25,0)))) -> 1 | Z22: =+IF(X22>=0.8,1,IF(X22>=0.65,0.75,IF(X22>=0.5,0.5,IF(X22>=0.35,0.25,0)))) -> 1
B23: =B22+1 -> 17 | C23: =IF(ISBLANK(Data!C22),"",Data!C22) | E23: =IF(ISBLANK(Data!F59),"",IF(Data!F59=Data!E59,Data!F59,IF(MIN(ABS(Data!F59-Data!C22),ABS(Data!E59-Data!C22))=ABS(Data!F59-Data!C22),Data!F59,IF(MIN(ABS(Data!F59-Data!C22),ABS(Data!E59-Data!C22))=ABS(Data!E59-Data!C22),Data!E59,"")))) | F23: =IF(OR(C23="",D23=""),1,IF(ABS(D23-C23)>=3,0,IF(ABS(D23-C23)=2,0.5,IF(ABS(D23-C23)=1,0.75,1)))) -> 1 | G23: =IF(OR(C23="",E23=""),1,IF(ABS(E23-C23)>=3,0,IF(ABS(E23-C23)=2,0.5,IF(ABS(E23-C23)=1,0.75,1)))) -> 1 | H23: =IF(ISBLANK(Data!D22),"",Data!D22) | J23: =IF(ISBLANK(Data!F59),"",IF(Data!F59=Data!G59,Data!F59,IF(MIN(ABS(Data!F59-Data!E22),ABS(Data!G59-Data!E22))=ABS(Data!F59-Data!E22),Data!F59,IF(MIN(ABS(Data!F59-Data!E22),ABS(Data!G59-Data!E22))=ABS(Data!G59-Data!E22),Data!G59,"")))) | K23: =IF(OR(H23="",I23=""),1,IF(ABS(I23-H23)>=3,0,IF(ABS(I23-H23)=2,0.5,IF(ABS(I23-H23)=1,0.75,1)))) -> 1 | L23: =IF(OR(H23="",J23=""),1,IF(ABS(J23-H23)>=3,0,IF(ABS(J23-H23)=2,0.5,IF(ABS(J23-H23)=1,0.75,1)))) -> 1 | M23: =IF(ISBLANK(Data!E22),"",Data!E22) | N23: =IF(ISBLANK(Data!C60),"",IF(Data!C60=Data!D60,Data!C60,IF(MIN(ABS(Data!C60-Data!E22),ABS(Data!D60-Data!E22))=ABS(Data!C60-Data!E22),Data!C60,IF(MIN(ABS(Data!C60-Data!E22),ABS(Data!D60-Data!E22))=ABS(Data!D60-Data!E22),Data!D60,"")))) | O23: =IF(ISBLANK(Data!G59),"",IF(Data!G59=Data!F59,Data!G59,IF(MIN(ABS(Data!G59-Data!E22),ABS(Data!F59-Data!E22))=ABS(Data!G59-Data!E22),Data!G59,IF(MIN(ABS(Data!G59-Data!E22),ABS(Data!F59-Data!E22))=ABS(Data!F59-Data!E22),Data!F59,"")))) | P23: =IF(OR(M23="",N23=""),1,IF(ABS(N23-M23)>=3,0,IF(ABS(N23-M23)=2,0.5,IF(ABS(N23-M23)=1,0.75,1)))) -> 1 | Q23: =IF(OR(M23="",O23=""),1,IF(ABS(O23-M23)>=3,0,IF(ABS(O23-M23)=2,0.5,IF(ABS(O23-M23)=1,0.75,1)))) -> 1 | R23: =IF(ISBLANK(Data!F22),"",Data!F22) | S23: =IF(ISBLANK(Data!C60),"",IF(Data!C60=Data!D60,Data!C60,IF(MIN(ABS(Data!C60-Data!E22),ABS(Data!D60-Data!E22))=ABS(Data!C60-Data!E22),Data!C60,IF(MIN(ABS(Data!C60-Data!E22),ABS(Data!D60-Data!E22))=ABS(Data!D60-Data!E22),Data!D60,"")))) | T23: =IF(ISBLANK(Data!G59),"",IF(Data!G59=Data!G59,Data!G59,IF(MIN(ABS(Data!G59-Data!F22),ABS(Data!G59-Data!F22))=ABS(Data!G59-Data!F22),Data!G59,IF(MIN(ABS(Data!G59-Data!F22),ABS(Data!G59-Data!F22))=ABS(Data!G59-Data!F22),Data!G59,"")))) | U23: =IF(OR(R23="",S23=""),1,IF(ABS(S23-R23)>=3,0,IF(ABS(S23-R23)=2,0.5,IF(ABS(S23-R23)=1,0.75,1)))) -> 1 | V23: =IF(OR(R23="",T23=""),1,IF(ABS(T23-R23)>=3,0,IF(ABS(T23-R23)=2,0.5,IF(ABS(T23-R23)=1,0.75,1)))) -> 1 | W23: =AVERAGE(F23,K23,P23,U23) -> 1 | X23: =AVERAGE(G23,L23,Q23,V23) -> 1 | Y23: =+IF(W23>=0.8,1,IF(W23>=0.65,0.75,IF(W23>=0.5,0.5,IF(W23>=0.35,0.25,0)))) -> 1 | Z23: =+IF(X23>=0.8,1,IF(X23>=0.65,0.75,IF(X23>=0.5,0.5,IF(X23>=0.35,0.25,0)))) -> 1
B24: =B23+1 -> 18 | C24: =IF(ISBLANK(Data!C23),"",Data!C23) | E24: =IF(ISBLANK(Data!F60),"",IF(Data!F60=Data!E60,Data!F60,IF(MIN(ABS(Data!F60-Data!C23),ABS(Data!E60-Data!C23))=ABS(Data!F60-Data!C23),Data!F60,IF(MIN(ABS(Data!F60-Data!C23),ABS(Data!E60-Data!C23))=ABS(Data!E60-Data!C23),Data!E60,"")))) | F24: =IF(OR(C24="",D24=""),1,IF(ABS(D24-C24)>=3,0,IF(ABS(D24-C24)=2,0.5,IF(ABS(D24-C24)=1,0.75,1)))) -> 1 | G24: =IF(OR(C24="",E24=""),1,IF(ABS(E24-C24)>=3,0,IF(ABS(E24-C24)=2,0.5,IF(ABS(E24-C24)=1,0.75,1)))) -> 1 | H24: =IF(ISBLANK(Data!D23),"",Data!D23) | J24: =IF(ISBLANK(Data!F60),"",IF(Data!F60=Data!G60,Data!F60,IF(MIN(ABS(Data!F60-Data!E23),ABS(Data!G60-Data!E23))=ABS(Data!F60-Data!E23),Data!F60,IF(MIN(ABS(Data!F60-Data!E23),ABS(Data!G60-Data!E23))=ABS(Data!G60-Data!E23),Data!G60,"")))) | K24: =IF(OR(H24="",I24=""),1,IF(ABS(I24-H24)>=3,0,IF(ABS(I24-H24)=2,0.5,IF(ABS(I24-H24)=1,0.75,1)))) -> 1 | L24: =IF(OR(H24="",J24=""),1,IF(ABS(J24-H24)>=3,0,IF(ABS(J24-H24)=2,0.5,IF(ABS(J24-H24)=1,0.75,1)))) -> 1 | M24: =IF(ISBLANK(Data!E23),"",Data!E23) | N24: =IF(ISBLANK(Data!C61),"",IF(Data!C61=Data!D61,Data!C61,IF(MIN(ABS(Data!C61-Data!E23),ABS(Data!D61-Data!E23))=ABS(Data!C61-Data!E23),Data!C61,IF(MIN(ABS(Data!C61-Data!E23),ABS(Data!D61-Data!E23))=ABS(Data!D61-Data!E23),Data!D61,"")))) | O24: =IF(ISBLANK(Data!G60),"",IF(Data!G60=Data!F60,Data!G60,IF(MIN(ABS(Data!G60-Data!E23),ABS(Data!F60-Data!E23))=ABS(Data!G60-Data!E23),Data!G60,IF(MIN(ABS(Data!G60-Data!E23),ABS(Data!F60-Data!E23))=ABS(Data!F60-Data!E23),Data!F60,"")))) | P24: =IF(OR(M24="",N24=""),1,IF(ABS(N24-M24)>=3,0,IF(ABS(N24-M24)=2,0.5,IF(ABS(N24-M24)=1,0.75,1)))) -> 1 | Q24: =IF(OR(M24="",O24=""),1,IF(ABS(O24-M24)>=3,0,IF(ABS(O24-M24)=2,0.5,IF(ABS(O24-M24)=1,0.75,1)))) -> 1 | R24: =IF(ISBLANK(Data!F23),"",Data!F23) | S24: =IF(ISBLANK(Data!C61),"",IF(Data!C61=Data!D61,Data!C61,IF(MIN(ABS(Data!C61-Data!E23),ABS(Data!D61-Data!E23))=ABS(Data!C61-Data!E23),Data!C61,IF(MIN(ABS(Data!C61-Data!E23),ABS(Data!D61-Data!E23))=ABS(Data!D61-Data!E23),Data!D61,"")))) | T24: =IF(ISBLANK(Data!G60),"",IF(Data!G60=Data!G60,Data!G60,IF(MIN(ABS(Data!G60-Data!F23),ABS(Data!G60-Data!F23))=ABS(Data!G60-Data!F23),Data!G60,IF(MIN(ABS(Data!G60-Data!F23),ABS(Data!G60-Data!F23))=ABS(Data!G60-Data!F23),Data!G60,"")))) | U24: =IF(OR(R24="",S24=""),1,IF(ABS(S24-R24)>=3,0,IF(ABS(S24-R24)=2,0.5,IF(ABS(S24-R24)=1,0.75,1)))) -> 1 | V24: =IF(OR(R24="",T24=""),1,IF(ABS(T24-R24)>=3,0,IF(ABS(T24-R24)=2,0.5,IF(ABS(T24-R24)=1,0.75,1)))) -> 1 | W24: =AVERAGE(F24,K24,P24,U24) -> 1 | X24: =AVERAGE(G24,L24,Q24,V24) -> 1 | Y24: =+IF(W24>=0.8,1,IF(W24>=0.65,0.75,IF(W24>=0.5,0.5,IF(W24>=0.35,0.25,0)))) -> 1 | Z24: =+IF(X24>=0.8,1,IF(X24>=0.65,0.75,IF(X24>=0.5,0.5,IF(X24>=0.35,0.25,0)))) -> 1
B25: =B24+1 -> 19 | C25: =IF(ISBLANK(Data!C24),"",Data!C24) | E25: =IF(ISBLANK(Data!F61),"",IF(Data!F61=Data!E61,Data!F61,IF(MIN(ABS(Data!F61-Data!C24),ABS(Data!E61-Data!C24))=ABS(Data!F61-Data!C24),Data!F61,IF(MIN(ABS(Data!F61-Data!C24),ABS(Data!E61-Data!C24))=ABS(Data!E61-Data!C24),Data!E61,"")))) | F25: =IF(OR(C25="",D25=""),1,IF(ABS(D25-C25)>=3,0,IF(ABS(D25-C25)=2,0.5,IF(ABS(D25-C25)=1,0.75,1)))) -> 1 | G25: =IF(OR(C25="",E25=""),1,IF(ABS(E25-C25)>=3,0,IF(ABS(E25-C25)=2,0.5,IF(ABS(E25-C25)=1,0.75,1)))) -> 1 | H25: =IF(ISBLANK(Data!D24),"",Data!D24) | J25: =IF(ISBLANK(Data!F61),"",IF(Data!F61=Data!G61,Data!F61,IF(MIN(ABS(Data!F61-Data!E24),ABS(Data!G61-Data!E24))=ABS(Data!F61-Data!E24),Data!F61,IF(MIN(ABS(Data!F61-Data!E24),ABS(Data!G61-Data!E24))=ABS(Data!G61-Data!E24),Data!G61,"")))) | K25: =IF(OR(H25="",I25=""),1,IF(ABS(I25-H25)>=3,0,IF(ABS(I25-H25)=2,0.5,IF(ABS(I25-H25)=1,0.75,1)))) -> 1 | L25: =IF(OR(H25="",J25=""),1,IF(ABS(J25-H25)>=3,0,IF(ABS(J25-H25)=2,0.5,IF(ABS(J25-H25)=1,0.75,1)))) -> 1 | M25: =IF(ISBLANK(Data!E24),"",Data!E24) | N25: =IF(ISBLANK(Data!C62),"",IF(Data!C62=Data!D62,Data!C62,IF(MIN(ABS(Data!C62-Data!E24),ABS(Data!D62-Data!E24))=ABS(Data!C62-Data!E24),Data!C62,IF(MIN(ABS(Data!C62-Data!E24),ABS(Data!D62-Data!E24))=ABS(Data!D62-Data!E24),Data!D62,"")))) | O25: =IF(ISBLANK(Data!G61),"",IF(Data!G61=Data!F61,Data!G61,IF(MIN(ABS(Data!G61-Data!E24),ABS(Data!F61-Data!E24))=ABS(Data!G61-Data!E24),Data!G61,IF(MIN(ABS(Data!G61-Data!E24),ABS(Data!F61-Data!E24))=ABS(Data!F61-Data!E24),Data!F61,"")))) | P25: =IF(OR(M25="",N25=""),1,IF(ABS(N25-M25)>=3,0,IF(ABS(N25-M25)=2,0.5,IF(ABS(N25-M25)=1,0.75,1)))) -> 1 | Q25: =IF(OR(M25="",O25=""),1,IF(ABS(O25-M25)>=3,0,IF(ABS(O25-M25)=2,0.5,IF(ABS(O25-M25)=1,0.75,1)))) -> 1 | R25: =IF(ISBLANK(Data!F24),"",Data!F24) | S25: =IF(ISBLANK(Data!C62),"",IF(Data!C62=Data!D62,Data!C62,IF(MIN(ABS(Data!C62-Data!E24),ABS(Data!D62-Data!E24))=ABS(Data!C62-Data!E24),Data!C62,IF(MIN(ABS(Data!C62-Data!E24),ABS(Data!D62-Data!E24))=ABS(Data!D62-Data!E24),Data!D62,"")))) | T25: =IF(ISBLANK(Data!G61),"",IF(Data!G61=Data!G61,Data!G61,IF(MIN(ABS(Data!G61-Data!F24),ABS(Data!G61-Data!F24))=ABS(Data!G61-Data!F24),Data!G61,IF(MIN(ABS(Data!G61-Data!F24),ABS(Data!G61-Data!F24))=ABS(Data!G61-Data!F24),Data!G61,"")))) | U25: =IF(OR(R25="",S25=""),1,IF(ABS(S25-R25)>=3,0,IF(ABS(S25-R25)=2,0.5,IF(ABS(S25-R25)=1,0.75,1)))) -> 1 | V25: =IF(OR(R25="",T25=""),1,IF(ABS(T25-R25)>=3,0,IF(ABS(T25-R25)=2,0.5,IF(ABS(T25-R25)=1,0.75,1)))) -> 1 | W25: =AVERAGE(F25,K25,P25,U25) -> 1 | X25: =AVERAGE(G25,L25,Q25,V25) -> 1 | Y25: =+IF(W25>=0.8,1,IF(W25>=0.65,0.75,IF(W25>=0.5,0.5,IF(W25>=0.35,0.25,0)))) -> 1 | Z25: =+IF(X25>=0.8,1,IF(X25>=0.65,0.75,IF(X25>=0.5,0.5,IF(X25>=0.35,0.25,0)))) -> 1
B26: =B25+1 -> 20 | C26: =IF(ISBLANK(Data!C25),"",Data!C25) | E26: =IF(ISBLANK(Data!F62),"",IF(Data!F62=Data!E62,Data!F62,IF(MIN(ABS(Data!F62-Data!C25),ABS(Data!E62-Data!C25))=ABS(Data!F62-Data!C25),Data!F62,IF(MIN(ABS(Data!F62-Data!C25),ABS(Data!E62-Data!C25))=ABS(Data!E62-Data!C25),Data!E62,"")))) | F26: =IF(OR(C26="",D26=""),1,IF(ABS(D26-C26)>=3,0,IF(ABS(D26-C26)=2,0.5,IF(ABS(D26-C26)=1,0.75,1)))) -> 1 | G26: =IF(OR(C26="",E26=""),1,IF(ABS(E26-C26)>=3,0,IF(ABS(E26-C26)=2,0.5,IF(ABS(E26-C26)=1,0.75,1)))) -> 1 | H26: =IF(ISBLANK(Data!D25),"",Data!D25) | J26: =IF(ISBLANK(Data!F62),"",IF(Data!F62=Data!G62,Data!F62,IF(MIN(ABS(Data!F62-Data!E25),ABS(Data!G62-Data!E25))=ABS(Data!F62-Data!E25),Data!F62,IF(MIN(ABS(Data!F62-Data!E25),ABS(Data!G62-Data!E25))=ABS(Data!G62-Data!E25),Data!G62,"")))) | K26: =IF(OR(H26="",I26=""),1,IF(ABS(I26-H26)>=3,0,IF(ABS(I26-H26)=2,0.5,IF(ABS(I26-H26)=1,0.75,1)))) -> 1 | L26: =IF(OR(H26="",J26=""),1,IF(ABS(J26-H26)>=3,0,IF(ABS(J26-H26)=2,0.5,IF(ABS(J26-H26)=1,0.75,1)))) -> 1 | M26: =IF(ISBLANK(Data!E25),"",Data!E25) | N26: =IF(ISBLANK(Data!C63),"",IF(Data!C63=Data!D63,Data!C63,IF(MIN(ABS(Data!C63-Data!E25),ABS(Data!D63-Data!E25))=ABS(Data!C63-Data!E25),Data!C63,IF(MIN(ABS(Data!C63-Data!E25),ABS(Data!D63-Data!E25))=ABS(Data!D63-Data!E25),Data!D63,"")))) | O26: =IF(ISBLANK(Data!G62),"",IF(Data!G62=Data!F62,Data!G62,IF(MIN(ABS(Data!G62-Data!E25),ABS(Data!F62-Data!E25))=ABS(Data!G62-Data!E25),Data!G62,IF(MIN(ABS(Data!G62-Data!E25),ABS(Data!F62-Data!E25))=ABS(Data!F62-Data!E25),Data!F62,"")))) | P26: =IF(OR(M26="",N26=""),1,IF(ABS(N26-M26)>=3,0,IF(ABS(N26-M26)=2,0.5,IF(ABS(N26-M26)=1,0.75,1)))) -> 1 | Q26: =IF(OR(M26="",O26=""),1,IF(ABS(O26-M26)>=3,0,IF(ABS(O26-M26)=2,0.5,IF(ABS(O26-M26)=1,0.75,1)))) -> 1 | R26: =IF(ISBLANK(Data!F25),"",Data!F25) | S26: =IF(ISBLANK(Data!C63),"",IF(Data!C63=Data!D63,Data!C63,IF(MIN(ABS(Data!C63-Data!E25),ABS(Data!D63-Data!E25))=ABS(Data!C63-Data!E25),Data!C63,IF(MIN(ABS(Data!C63-Data!E25),ABS(Data!D63-Data!E25))=ABS(Data!D63-Data!E25),Data!D63,"")))) | T26: =IF(ISBLANK(Data!G62),"",IF(Data!G62=Data!G62,Data!G62,IF(MIN(ABS(Data!G62-Data!F25),ABS(Data!G62-Data!F25))=ABS(Data!G62-Data!F25),Data!G62,IF(MIN(ABS(Data!G62-Data!F25),ABS(Data!G62-Data!F25))=ABS(Data!G62-Data!F25),Data!G62,"")))) | U26: =IF(OR(R26="",S26=""),1,IF(ABS(S26-R26)>=3,0,IF(ABS(S26-R26)=2,0.5,IF(ABS(S26-R26)=1,0.75,1)))) -> 1 | V26: =IF(OR(R26="",T26=""),1,IF(ABS(T26-R26)>=3,0,IF(ABS(T26-R26)=2,0.5,IF(ABS(T26-R26)=1,0.75,1)))) -> 1 | W26: =AVERAGE(F26,K26,P26,U26) -> 1 | X26: =AVERAGE(G26,L26,Q26,V26) -> 1 | Y26: =+IF(W26>=0.8,1,IF(W26>=0.65,0.75,IF(W26>=0.5,0.5,IF(W26>=0.35,0.25,0)))) -> 1 | Z26: =+IF(X26>=0.8,1,IF(X26>=0.65,0.75,IF(X26>=0.5,0.5,IF(X26>=0.35,0.25,0)))) -> 1
B27: =B26+1 -> 21 | C27: =IF(ISBLANK(Data!C26),"",Data!C26) | E27: =IF(ISBLANK(Data!F63),"",IF(Data!F63=Data!E63,Data!F63,IF(MIN(ABS(Data!F63-Data!C26),ABS(Data!E63-Data!C26))=ABS(Data!F63-Data!C26),Data!F63,IF(MIN(ABS(Data!F63-Data!C26),ABS(Data!E63-Data!C26))=ABS(Data!E63-Data!C26),Data!E63,"")))) | F27: =IF(OR(C27="",D27=""),1,IF(ABS(D27-C27)>=3,0,IF(ABS(D27-C27)=2,0.5,IF(ABS(D27-C27)=1,0.75,1)))) -> 1 | G27: =IF(OR(C27="",E27=""),1,IF(ABS(E27-C27)>=3,0,IF(ABS(E27-C27)=2,0.5,IF(ABS(E27-C27)=1,0.75,1)))) -> 1 | H27: =IF(ISBLANK(Data!D26),"",Data!D26) | J27: =IF(ISBLANK(Data!F63),"",IF(Data!F63=Data!G63,Data!F63,IF(MIN(ABS(Data!F63-Data!E26),ABS(Data!G63-Data!E26))=ABS(Data!F63-Data!E26),Data!F63,IF(MIN(ABS(Data!F63-Data!E26),ABS(Data!G63-Data!E26))=ABS(Data!G63-Data!E26),Data!G63,"")))) | K27: =IF(OR(H27="",I27=""),1,IF(ABS(I27-H27)>=3,0,IF(ABS(I27-H27)=2,0.5,IF(ABS(I27-H27)=1,0.75,1)))) -> 1 | L27: =IF(OR(H27="",J27=""),1,IF(ABS(J27-H27)>=3,0,IF(ABS(J27-H27)=2,0.5,IF(ABS(J27-H27)=1,0.75,1)))) -> 1 | M27: =IF(ISBLANK(Data!E26),"",Data!E26) | N27: =IF(ISBLANK(Data!C64),"",IF(Data!C64=Data!D64,Data!C64,IF(MIN(ABS(Data!C64-Data!E26),ABS(Data!D64-Data!E26))=ABS(Data!C64-Data!E26),Data!C64,IF(MIN(ABS(Data!C64-Data!E26),ABS(Data!D64-Data!E26))=ABS(Data!D64-Data!E26),Data!D64,"")))) | O27: =IF(ISBLANK(Data!G63),"",IF(Data!G63=Data!F63,Data!G63,IF(MIN(ABS(Data!G63-Data!E26),ABS(Data!F63-Data!E26))=ABS(Data!G63-Data!E26),Data!G63,IF(MIN(ABS(Data!G63-Data!E26),ABS(Data!F63-Data!E26))=ABS(Data!F63-Data!E26),Data!F63,"")))) | P27: =IF(OR(M27="",N27=""),1,IF(ABS(N27-M27)>=3,0,IF(ABS(N27-M27)=2,0.5,IF(ABS(N27-M27)=1,0.75,1)))) -> 1 | Q27: =IF(OR(M27="",O27=""),1,IF(ABS(O27-M27)>=3,0,IF(ABS(O27-M27)=2,0.5,IF(ABS(O27-M27)=1,0.75,1)))) -> 1 | R27: =IF(ISBLANK(Data!F26),"",Data!F26) | S27: =IF(ISBLANK(Data!C64),"",IF(Data!C64=Data!D64,Data!C64,IF(MIN(ABS(Data!C64-Data!E26),ABS(Data!D64-Data!E26))=ABS(Data!C64-Data!E26),Data!C64,IF(MIN(ABS(Data!C64-Data!E26),ABS(Data!D64-Data!E26))=ABS(Data!D64-Data!E26),Data!D64,"")))) | T27: =IF(ISBLANK(Data!G63),"",IF(Data!G63=Data!G63,Data!G63,IF(MIN(ABS(Data!G63-Data!F26),ABS(Data!G63-Data!F26))=ABS(Data!G63-Data!F26),Data!G63,IF(MIN(ABS(Data!G63-Data!F26),ABS(Data!G63-Data!F26))=ABS(Data!G63-Data!F26),Data!G63,"")))) | U27: =IF(OR(R27="",S27=""),1,IF(ABS(S27-R27)>=3,0,IF(ABS(S27-R27)=2,0.5,IF(ABS(S27-R27)=1,0.75,1)))) -> 1 | V27: =IF(OR(R27="",T27=""),1,IF(ABS(T27-R27)>=3,0,IF(ABS(T27-R27)=2,0.5,IF(ABS(T27-R27)=1,0.75,1)))) -> 1 | W27: =AVERAGE(F27,K27,P27,U27) -> 1 | X27: =AVERAGE(G27,L27,Q27,V27) -> 1 | Y27: =+IF(W27>=0.8,1,IF(W27>=0.65,0.75,IF(W27>=0.5,0.5,IF(W27>=0.35,0.25,0)))) -> 1 | Z27: =+IF(X27>=0.8,1,IF(X27>=0.65,0.75,IF(X27>=0.5,0.5,IF(X27>=0.35,0.25,0)))) -> 1
B28: =B27+1 -> 22 | C28: =IF(ISBLANK(Data!C27),"",Data!C27) | E28: =IF(ISBLANK(Data!F64),"",IF(Data!F64=Data!E64,Data!F64,IF(MIN(ABS(Data!F64-Data!C27),ABS(Data!E64-Data!C27))=ABS(Data!F64-Data!C27),Data!F64,IF(MIN(ABS(Data!F64-Data!C27),ABS(Data!E64-Data!C27))=ABS(Data!E64-Data!C27),Data!E64,"")))) | F28: =IF(OR(C28="",D28=""),1,IF(ABS(D28-C28)>=3,0,IF(ABS(D28-C28)=2,0.5,IF(ABS(D28-C28)=1,0.75,1)))) -> 1 | G28: =IF(OR(C28="",E28=""),1,IF(ABS(E28-C28)>=3,0,IF(ABS(E28-C28)=2,0.5,IF(ABS(E28-C28)=1,0.75,1)))) -> 1 | H28: =IF(ISBLANK(Data!D27),"",Data!D27) | J28: =IF(ISBLANK(Data!F64),"",IF(Data!F64=Data!G64,Data!F64,IF(MIN(ABS(Data!F64-Data!E27),ABS(Data!G64-Data!E27))=ABS(Data!F64-Data!E27),Data!F64,IF(MIN(ABS(Data!F64-Data!E27),ABS(Data!G64-Data!E27))=ABS(Data!G64-Data!E27),Data!G64,"")))) | K28: =IF(OR(H28="",I28=""),1,IF(ABS(I28-H28)>=3,0,IF(ABS(I28-H28)=2,0.5,IF(ABS(I28-H28)=1,0.75,1)))) -> 1 | L28: =IF(OR(H28="",J28=""),1,IF(ABS(J28-H28)>=3,0,IF(ABS(J28-H28)=2,0.5,IF(ABS(J28-H28)=1,0.75,1)))) -> 1 | M28: =IF(ISBLANK(Data!E27),"",Data!E27) | N28: =IF(ISBLANK(Data!C65),"",IF(Data!C65=Data!D65,Data!C65,IF(MIN(ABS(Data!C65-Data!E27),ABS(Data!D65-Data!E27))=ABS(Data!C65-Data!E27),Data!C65,IF(MIN(ABS(Data!C65-Data!E27),ABS(Data!D65-Data!E27))=ABS(Data!D65-Data!E27),Data!D65,"")))) | O28: =IF(ISBLANK(Data!G64),"",IF(Data!G64=Data!F64,Data!G64,IF(MIN(ABS(Data!G64-Data!E27),ABS(Data!F64-Data!E27))=ABS(Data!G64-Data!E27),Data!G64,IF(MIN(ABS(Data!G64-Data!E27),ABS(Data!F64-Data!E27))=ABS(Data!F64-Data!E27),Data!F64,"")))) | P28: =IF(OR(M28="",N28=""),1,IF(ABS(N28-M28)>=3,0,IF(ABS(N28-M28)=2,0.5,IF(ABS(N28-M28)=1,0.75,1)))) -> 1 | Q28: =IF(OR(M28="",O28=""),1,IF(ABS(O28-M28)>=3,0,IF(ABS(O28-M28)=2,0.5,IF(ABS(O28-M28)=1,0.75,1)))) -> 1 | R28: =IF(ISBLANK(Data!F27),"",Data!F27) | S28: =IF(ISBLANK(Data!C65),"",IF(Data!C65=Data!D65,Data!C65,IF(MIN(ABS(Data!C65-Data!E27),ABS(Data!D65-Data!E27))=ABS(Data!C65-Data!E27),Data!C65,IF(MIN(ABS(Data!C65-Data!E27),ABS(Data!D65-Data!E27))=ABS(Data!D65-Data!E27),Data!D65,"")))) | T28: =IF(ISBLANK(Data!G64),"",IF(Data!G64=Data!G64,Data!G64,IF(MIN(ABS(Data!G64-Data!F27),ABS(Data!G64-Data!F27))=ABS(Data!G64-Data!F27),Data!G64,IF(MIN(ABS(Data!G64-Data!F27),ABS(Data!G64-Data!F27))=ABS(Data!G64-Data!F27),Data!G64,"")))) | U28: =IF(OR(R28="",S28=""),1,IF(ABS(S28-R28)>=3,0,IF(ABS(S28-R28)=2,0.5,IF(ABS(S28-R28)=1,0.75,1)))) -> 1 | V28: =IF(OR(R28="",T28=""),1,IF(ABS(T28-R28)>=3,0,IF(ABS(T28-R28)=2,0.5,IF(ABS(T28-R28)=1,0.75,1)))) -> 1 | W28: =AVERAGE(F28,K28,P28,U28) -> 1 | X28: =AVERAGE(G28,L28,Q28,V28) -> 1 | Y28: =+IF(W28>=0.8,1,IF(W28>=0.65,0.75,IF(W28>=0.5,0.5,IF(W28>=0.35,0.25,0)))) -> 1 | Z28: =+IF(X28>=0.8,1,IF(X28>=0.65,0.75,IF(X28>=0.5,0.5,IF(X28>=0.35,0.25,0)))) -> 1
... B37: =B36+1 -> 31 | C37: =IF(ISBLANK(Data!C36),"",Data!C36) | E37: =IF(ISBLANK(Data!F73),"",IF(Data!F73=Data!E73,Data!F73,IF(MIN(ABS(Data!F73-Data!C36),ABS(Data!E73-Data!C36))=ABS(Data!F73-Data!C36),Data!F73,IF(MIN(ABS(Data!F73-Data!C36),ABS(Data!E73-Data!C36))=ABS(Data!E73-Data!C36),Data!E73,"")))) | F37: =IF(OR(C37="",D37=""),1,IF(ABS(D37-C37)>=3,0,IF(ABS(D37-C37)=2,0.5,IF(ABS(D37-C37)=1,0.75,1)))) -> 1 | G37: =IF(OR(C37="",E37=""),1,IF(ABS(E37-C37)>=3,0,IF(ABS(E37-C37)=2,0.5,IF(ABS(E37-C37)=1,0.75,1)))) -> 1 | H37: =IF(ISBLANK(Data!D36),"",Data!D36) | J37: =IF(ISBLANK(Data!F73),"",IF(Data!F73=Data!G73,Data!F73,IF(MIN(ABS(Data!F73-Data!E36),ABS(Data!G73-Data!E36))=ABS(Data!F73-Data!E36),Data!F73,IF(MIN(ABS(Data!F73-Data!E36),ABS(Data!G73-Data!E36))=ABS(Data!G73-Data!E36),Data!G73,"")))) | K37: =IF(OR(H37="",I37=""),1,IF(ABS(I37-H37)>=3,0,IF(ABS(I37-H37)=2,0.5,IF(ABS(I37-H37)=1,0.75,1)))) -> 1 | L37: =IF(OR(H37="",J37=""),1,IF(ABS(J37-H37)>=3,0,IF(ABS(J37-H37)=2,0.5,IF(ABS(J37-H37)=1,0.75,1)))) -> 1 | M37: =IF(ISBLANK(Data!E36),"",Data!E36) | N37: =IF(ISBLANK(Data!C74),"",IF(Data!C74=Data!D74,Data!C74,IF(MIN(ABS(Data!C74-Data!E36),ABS(Data!D74-Data!E36))=ABS(Data!C74-Data!E36),Data!C74,IF(MIN(ABS(Data!C74-Data!E36),ABS(Data!D74-Data!E36))=ABS(Data!D74-Data!E36),Data!D74,"")))) | O37: =IF(ISBLANK(Data!G73),"",IF(Data!G73=Data!F73,Data!G73,IF(MIN(ABS(Data!G73-Data!E36),ABS(Data!F73-Data!E36))=ABS(Data!G73-Data!E36),Data!G73,IF(MIN(ABS(Data!G73-Data!E36),ABS(Data!F73-Data!E36))=ABS(Data!F73-Data!E36),Data!F73,"")))) | P37: =IF(OR(M37="",N37=""),1,IF(ABS(N37-M37)>=3,0,IF(ABS(N37-M37)=2,0.5,IF(ABS(N37-M37)=1,0.75,1)))) -> 1 | Q37: =IF(OR(M37="",O37=""),1,IF(ABS(O37-M37)>=3,0,IF(ABS(O37-M37)=2,0.5,IF(ABS(O37-M37)=1,0.75,1)))) -> 1 | R37: =IF(ISBLANK(Data!F36),"",Data!F36) | S37: =IF(ISBLANK(Data!C74),"",IF(Data!C74=Data!D74,Data!C74,IF(MIN(ABS(Data!C74-Data!E36),ABS(Data!D74-Data!E36))=ABS(Data!C74-Data!E36),Data!C74,IF(MIN(ABS(Data!C74-Data!E36),ABS(Data!D74-Data!E36))=ABS(Data!D74-Data!E36),Data!D74,"")))) | T37: =IF(ISBLANK(Data!G73),"",IF(Data!G73=Data!G73,Data!G73,IF(MIN(ABS(Data!G73-Data!F36),ABS(Data!G73-Data!F36))=ABS(Data!G73-Data!F36),Data!G73,IF(MIN(ABS(Data!G73-Data!F36),ABS(Data!G73-Data!F36))=ABS(Data!G73-Data!F36),Data!G73,"")))) | U37: =IF(OR(R37="",S37=""),1,IF(ABS(S37-R37)>=3,0,IF(ABS(S37-R37)=2,0.5,IF(ABS(S37-R37)=1,0.75,1)))) -> 1 | V37: =IF(OR(R37="",T37=""),1,IF(ABS(T37-R37)>=3,0,IF(ABS(T37-R37)=2,0.5,IF(ABS(T37-R37)=1,0.75,1)))) -> 1 | W37: =AVERAGE(F37,K37,P37,U37) -> 1 | X37: =AVERAGE(G37,L37,Q37,V37) -> 1 | Y37: =+IF(W37>=0.8,1,IF(W37>=0.65,0.75,IF(W37>=0.5,0.5,IF(W37>=0.35,0.25,0)))) -> 1 | Z37: =+IF(X37>=0.8,1,IF(X37>=0.65,0.75,IF(X37>=0.5,0.5,IF(X37>=0.35,0.25,0)))) -> 1
K40: =IF(ISBLANK(Data!F43),"",Data!F43)

Sheet Vent
B2: =Data!C1 -> 0 | I2: Contrôle de la direction et la force du vent
B5: Date | C5: 06h-08h
C6: Prévu 00-12 | G6: Prévu 24-36 | K6: Observé | X6: Taux de réussite 24 | Y6: Taux de réussite 48 | AA6: Taux de réussite final 24 | AB6: Taux de réussite final 48
C7: DD1 | D7: ff | E7: DD2 | F7: FF | G7: DD1 | H7: ff | I7: DD2 | J7: FF | K7: 06h | M7: 07h | O7: 08h | Q7: Moyenne | S7: Score 24 | T7: Score 48
K8: DD | L8: ff | M8: DD | N8: ff | O8: DD | P8: ff | Q8: DD | R8: FF
B9: 1 | G9: =IF(ISBLANK(Data!M43),"",Data!M43) | H9: =IF(ISBLANK(Data!N43),"",IF(Data!N43=2,0,Data!N43)) | I9: =IF(ISBLANK(Data!O43),"",Data!O43) | J9: =IF(ISBLANK(Data!P43),"",Data!P43) | K9: =IF(ISBLANK(Data!V83),"",Data!V83) | L9: =IF(ISBLANK(Data!W83),"",Data!W83) | M9: =IF(ISBLANK(Data!X83),"",Data!X83) | N9: =IF(ISBLANK(Data!Y83),"",Data!Y83) | O9: =IF(ISBLANK(Data!Z83),"",Data!Z83) | P9: =IF(ISBLANK(Data!AA83),"",Data!AA83) | Q9: =IF(Data!G6="","",IF(Data!G6=0,1080,Data!G6)) | R9: =IF(ISBLANK(Data!H6),"",Data!H6) | S9: =IF(OR(C9="",E9="",Q9="",C9=1080,E9=1080,Q9=1080),0.5,IF(OR(K9=C9,K9=E9,M9=C9,M9=E9,O9=C9,O9=E9,MIN(ABS(Q9-C9),ABS(360-Q9+E9))<=45),0.5,IF(OR(IF(ISNUMBER(K9),OR(MIN(ABS(K9-C9),ABS(360-K9+C9))<=45,MIN(ABS(K9-E9),ABS(360-K9+E9))<=45),FALSE),IF(ISNUMBER(M9),OR(MIN(ABS(M9-C9),ABS(360-M9+C9))<=45,MIN(ABS(M9-E9),ABS(360-M9+E9))<=45),FALSE),IF(ISNUMBER(O9),OR(MIN(ABS(O9-C9),ABS(360-O9+C9))<=45,MIN(ABS(O9-E9),ABS(360-O9+E9))<=45),FALSE),MIN(ABS(Q9-C9),ABS(360-Q9+C9))<=90,MIN(ABS(Q9-E9),ABS(360-Q9+E9))<=90),0.25,0)))+IF(OR(R9="",D9="",F9=""),0.5,IF(AND(R9>=D9,R9<=F9),0.5,IF(AND(R9>=(D9-5),R9<=(F9+5)),0.25,0))) -> 1 | T9: =IF(OR(G9="",I9="",Q9="",G9=1080,I9=1080,Q9=1080),0.5,IF(OR(K9=G9,K9=I9,M9=G9,M9=I9,O9=G9,O9=I9,MIN(ABS(Q9-G9),ABS(360-Q9+I9))<=45),0.5,IF(OR(IF(ISNUMBER(K9),OR(MIN(ABS(K9-G9),ABS(360-K9+G9))<=45,MIN(ABS(K9-I9),ABS(360-K9+I9))<=45),FALSE),IF(ISNUMBER(M9),OR(MIN(ABS(M9-G9),ABS(360-M9+G9))<=45,MIN(ABS(M9-I9),ABS(360-M9+I9))<=45),FALSE),IF(ISNUMBER(O9),OR(MIN(ABS(O9-G9),ABS(360-O9+G9))<=45,MIN(ABS(O9-I9),ABS(360-O9+I9))<=45),FALSE),MIN(ABS(Q9-G9),ABS(360-Q9+G9))<=90,MIN(ABS(Q9-I9),ABS(360-Q9+I9))<=90),0.25,0)))+IF(OR(R9="",H9="",J9=""),0.5,IF(AND(R9>=H9,R9<=J9),0.5,IF(AND(R9>=(H9-5),R9<=(J9+5)),0.25,0))) -> 1 | X9: =AVERAGE(S9,S46,S83,U121) -> 1 | Y9: =AVERAGE(T9,T46,T83,V121) -> 1 | AA9: =AVERAGE(X9:X39) -> 1 | AB9: =AVERAGE(Y9:Y39) -> 1
B10: =B9+1 -> 2 | G10: =IF(ISBLANK(Data!M44),"",Data!M44) | H10: =IF(ISBLANK(Data!N44),"",IF(Data!N44=2,0,Data!N44)) | I10: =IF(ISBLANK(Data!O44),"",Data!O44) | J10: =IF(ISBLANK(Data!P44),"",Data!P44) | K10: =IF(ISBLANK(Data!V84),"",Data!V84) | L10: =IF(ISBLANK(Data!W84),"",Data!W84) | M10: =IF(ISBLANK(Data!X84),"",Data!X84) | N10: =IF(ISBLANK(Data!Y84),"",Data!Y84) | O10: =IF(ISBLANK(Data!Z84),"",Data!Z84) | P10: =IF(ISBLANK(Data!AA84),"",Data!AA84) | Q10: =IF(Data!G7="","",IF(Data!G7=0,1080,Data!G7)) | R10: =IF(ISBLANK(Data!H7),"",Data!H7) | S10: =IF(OR(C10="",E10="",Q10="",C10=1080,E10=1080,Q10=1080),0.5,IF(OR(K10=C10,K10=E10,M10=C10,M10=E10,O10=C10,O10=E10,MIN(ABS(Q10-C10),ABS(360-Q10+E10))<=45),0.5,IF(OR(IF(ISNUMBER(K10),OR(MIN(ABS(K10-C10),ABS(360-K10+C10))<=45,MIN(ABS(K10-E10),ABS(360-K10+E10))<=45),FALSE),IF(ISNUMBER(M10),OR(MIN(ABS(M10-C10),ABS(360-M10+C10))<=45,MIN(ABS(M10-E10),ABS(360-M10+E10))<=45),FALSE),IF(ISNUMBER(O10),OR(MIN(ABS(O10-C10),ABS(360-O10+C10))<=45,MIN(ABS(O10-E10),ABS(360-O10+E10))<=45),FALSE),MIN(ABS(Q10-C10),ABS(360-Q10+C10))<=90,MIN(ABS(Q10-E10),ABS(360-Q10+E10))<=90),0.25,0)))+IF(OR(R10="",D10="",F10=""),0.5,IF(AND(R10>=D10,R10<=F10),0.5,IF(AND(R10>=(D10-5),R10<=(F10+5)),0.25,0))) -> 1 | T10: =IF(OR(G10="",I10="",Q10="",G10=1080,I10=1080,Q10=1080),0.5,IF(OR(K10=G10,K10=I10,M10=G10,M10=I10,O10=G10,O10=I10,MIN(ABS(Q10-G10),ABS(360-Q10+I10))<=45),0.5,IF(OR(IF(ISNUMBER(K10),OR(MIN(ABS(K10-G10),ABS(360-K10+G10))<=45,MIN(ABS(K10-I10),ABS(360-K10+I10))<=45),FALSE),IF(ISNUMBER(M10),OR(MIN(ABS(M10-G10),ABS(360-M10+G10))<=45,MIN(ABS(M10-I10),ABS(360-M10+I10))<=45),FALSE),IF(ISNUMBER(O10),OR(MIN(ABS(O10-G10),ABS(360-O10+G10))<=45,MIN(ABS(O10-I10),ABS(360-O10+I10))<=45),FALSE),MIN(ABS(Q10-G10),ABS(360-Q10+G10))<=90,MIN(ABS(Q10-I10),ABS(360-Q10+I10))<=90),0.25,0)))+IF(OR(R10="",H10="",J10=""),0.5,IF(AND(R10>=H10,R10<=J10),0.5,IF(AND(R10>=(H10-5),R10<=(J10+5)),0.25,0))) -> 1 | X10: =AVERAGE(S10,S47,S84,U122) -> 1 | Y10: =AVERAGE(T10,T47,T84,V122) -> 1
B11: =B10+1 -> 3 | G11: =IF(ISBLANK(Data!M45),"",Data!M45) | H11: =IF(ISBLANK(Data!N45),"",IF(Data!N45=2,0,Data!N45)) | I11: =IF(ISBLANK(Data!O45),"",Data!O45) | J11: =IF(ISBLANK(Data!P45),"",Data!P45) | K11: =IF(ISBLANK(Data!V85),"",Data!V85) | L11: =IF(ISBLANK(Data!W85),"",Data!W85) | M11: =IF(ISBLANK(Data!X85),"",Data!X85) | N11: =IF(ISBLANK(Data!Y85),"",Data!Y85) | O11: =IF(ISBLANK(Data!Z85),"",Data!Z85) | P11: =IF(ISBLANK(Data!AA85),"",Data!AA85) | Q11: =IF(Data!G8="","",IF(Data!G8=0,1080,Data!G8)) | R11: =IF(ISBLANK(Data!H8),"",Data!H8) | S11: =IF(OR(C11="",E11="",Q11="",C11=1080,E11=1080,Q11=1080),0.5,IF(OR(K11=C11,K11=E11,M11=C11,M11=E11,O11=C11,O11=E11,MIN(ABS(Q11-C11),ABS(360-Q11+E11))<=45),0.5,IF(OR(IF(ISNUMBER(K11),OR(MIN(ABS(K11-C11),ABS(360-K11+C11))<=45,MIN(ABS(K11-E11),ABS(360-K11+E11))<=45),FALSE),IF(ISNUMBER(M11),OR(MIN(ABS(M11-C11),ABS(360-M11+C11))<=45,MIN(ABS(M11-E11),ABS(360-M11+E11))<=45),FALSE),IF(ISNUMBER(O11),OR(MIN(ABS(O11-C11),ABS(360-O11+C11))<=45,MIN(ABS(O11-E11),ABS(360-O11+E11))<=45),FALSE),MIN(ABS(Q11-C11),ABS(360-Q11+C11))<=90,MIN(ABS(Q11-E11),ABS(360-Q11+E11))<=90),0.25,0)))+IF(OR(R11="",D11="",F11=""),0.5,IF(AND(R11>=D11,R11<=F11),0.5,IF(AND(R11>=(D11-5),R11<=(F11+5)),0.25,0))) -> 1 | T11: =IF(OR(G11="",I11="",Q11="",G11=1080,I11=1080,Q11=1080),0.5,IF(OR(K11=G11,K11=I11,M11=G11,M11=I11,O11=G11,O11=I11,MIN(ABS(Q11-G11),ABS(360-Q11+I11))<=45),0.5,IF(OR(IF(ISNUMBER(K11),OR(MIN(ABS(K11-G11),ABS(360-K11+G11))<=45,MIN(ABS(K11-I11),ABS(360-K11+I11))<=45),FALSE),IF(ISNUMBER(M11),OR(MIN(ABS(M11-G11),ABS(360-M11+G11))<=45,MIN(ABS(M11-I11),ABS(360-M11+I11))<=45),FALSE),IF(ISNUMBER(O11),OR(MIN(ABS(O11-G11),ABS(360-O11+G11))<=45,MIN(ABS(O11-I11),ABS(360-O11+I11))<=45),FALSE),MIN(ABS(Q11-G11),ABS(360-Q11+G11))<=90,MIN(ABS(Q11-I11),ABS(360-Q11+I11))<=90),0.25,0)))+IF(OR(R11="",H11="",J11=""),0.5,IF(AND(R11>=H11,R11<=J11),0.5,IF(AND(R11>=(H11-5),R11<=(J11+5)),0.25,0))) -> 1 | X11: =AVERAGE(S11,S48,S85,U123) -> 1 | Y11: =AVERAGE(T11,T48,T85,V123) -> 1
B12: =B11+1 -> 4 | G12: =IF(ISBLANK(Data!M46),"",Data!M46) | H12: =IF(ISBLANK(Data!N46),"",IF(Data!N46=2,0,Data!N46)) | I12: =IF(ISBLANK(Data!O46),"",Data!O46) | J12: =IF(ISBLANK(Data!P46),"",Data!P46) | K12: =IF(ISBLANK(Data!V86),"",Data!V86) | L12: =IF(ISBLANK(Data!W86),"",Data!W86) | M12: =IF(ISBLANK(Data!X86),"",Data!X86) | N12: =IF(ISBLANK(Data!Y86),"",Data!Y86) | O12: =IF(ISBLANK(Data!Z86),"",Data!Z86) | P12: =IF(ISBLANK(Data!AA86),"",Data!AA86) | Q12: =IF(Data!G9="","",IF(Data!G9=0,1080,Data!G9)) | R12: =IF(ISBLANK(Data!H9),"",Data!H9) | S12: =IF(OR(C12="",E12="",Q12="",C12=1080,E12=1080,Q12=1080),0.5,IF(OR(K12=C12,K12=E12,M12=C12,M12=E12,O12=C12,O12=E12,MIN(ABS(Q12-C12),ABS(360-Q12+E12))<=45),0.5,IF(OR(IF(ISNUMBER(K12),OR(MIN(ABS(K12-C12),ABS(360-K12+C12))<=45,MIN(ABS(K12-E12),ABS(360-K12+E12))<=45),FALSE),IF(ISNUMBER(M12),OR(MIN(ABS(M12-C12),ABS(360-M12+C12))<=45,MIN(ABS(M12-E12),ABS(360-M12+E12))<=45),FALSE),IF(ISNUMBER(O12),OR(MIN(ABS(O12-C12),ABS(360-O12+C12))<=45,MIN(ABS(O12-E12),ABS(360-O12+E12))<=45),FALSE),MIN(ABS(Q12-C12),ABS(360-Q12+C12))<=90,MIN(ABS(Q12-E12),ABS(360-Q12+E12))<=90),0.25,0)))+IF(OR(R12="",D12="",F12=""),0.5,IF(AND(R12>=D12,R12<=F12),0.5,IF(AND(R12>=(D12-5),R12<=(F12+5)),0.25,0))) -> 1 | T12: =IF(OR(G12="",I12="",Q12="",G12=1080,I12=1080,Q12=1080),0.5,IF(OR(K12=G12,K12=I12,M12=G12,M12=I12,O12=G12,O12=I12,MIN(ABS(Q12-G12),ABS(360-Q12+I12))<=45),0.5,IF(OR(IF(ISNUMBER(K12),OR(MIN(ABS(K12-G12),ABS(360-K12+G12))<=45,MIN(ABS(K12-I12),ABS(360-K12+I12))<=45),FALSE),IF(ISNUMBER(M12),OR(MIN(ABS(M12-G12),ABS(360-M12+G12))<=45,MIN(ABS(M12-I12),ABS(360-M12+I12))<=45),FALSE),IF(ISNUMBER(O12),OR(MIN(ABS(O12-G12),ABS(360-O12+G12))<=45,MIN(ABS(O12-I12),ABS(360-O12+I12))<=45),FALSE),MIN(ABS(Q12-G12),ABS(360-Q12+G12))<=90,MIN(ABS(Q12-I12),ABS(360-Q12+I12))<=90),0.25,0)))+IF(OR(R12="",H12="",J12=""),0.5,IF(AND(R12>=H12,R12<=J12),0.5,IF(AND(R12>=(H12-5),R12<=(J12+5)),0.25,0))) -> 1 | X12: =AVERAGE(S12,S49,S86,U124) -> 1 | Y12: =AVERAGE(T12,T49,T86,V124) -> 1
B13: =B12+1 -> 5 | G13: =IF(ISBLANK(Data!M47),"",Data!M47) | H13: =IF(ISBLANK(Data!N47),"",IF(Data!N47=2,0,Data!N47)) | I13: =IF(ISBLANK(Data!O47),"",Data!O47) | J13: =IF(ISBLANK(Data!P47),"",Data!P47) | K13: =IF(ISBLANK(Data!V87),"",Data!V87) | L13: =IF(ISBLANK(Data!W87),"",Data!W87) | M13: =IF(ISBLANK(Data!X87),"",Data!X87) | N13: =IF(ISBLANK(Data!Y87),"",Data!Y87) | O13: =IF(ISBLANK(Data!Z87),"",Data!Z87) | P13: =IF(ISBLANK(Data!AA87),"",Data!AA87) | Q13: =IF(Data!G10="","",IF(Data!G10=0,1080,Data!G10)) | R13: =IF(ISBLANK(Data!H10),"",Data!H10) | S13: =IF(OR(C13="",E13="",Q13="",C13=1080,E13=1080,Q13=1080),0.5,IF(OR(K13=C13,K13=E13,M13=C13,M13=E13,O13=C13,O13=E13,MIN(ABS(Q13-C13),ABS(360-Q13+E13))<=45),0.5,IF(OR(IF(ISNUMBER(K13),OR(MIN(ABS(K13-C13),ABS(360-K13+C13))<=45,MIN(ABS(K13-E13),ABS(360-K13+E13))<=45),FALSE),IF(ISNUMBER(M13),OR(MIN(ABS(M13-C13),ABS(360-M13+C13))<=45,MIN(ABS(M13-E13),ABS(360-M13+E13))<=45),FALSE),IF(ISNUMBER(O13),OR(MIN(ABS(O13-C13),ABS(360-O13+C13))<=45,MIN(ABS(O13-E13),ABS(360-O13+E13))<=45),FALSE),MIN(ABS(Q13-C13),ABS(360-Q13+C13))<=90,MIN(ABS(Q13-E13),ABS(360-Q13+E13))<=90),0.25,0)))+IF(OR(R13="",D13="",F13=""),0.5,IF(AND(R13>=D13,R13<=F13),0.5,IF(AND(R13>=(D13-5),R13<=(F13+5)),0.25,0))) -> 1 | T13: =IF(OR(G13="",I13="",Q13="",G13=1080,I13=1080,Q13=1080),0.5,IF(OR(K13=G13,K13=I13,M13=G13,M13=I13,O13=G13,O13=I13,MIN(ABS(Q13-G13),ABS(360-Q13+I13))<=45),0.5,IF(OR(IF(ISNUMBER(K13),OR(MIN(ABS(K13-G13),ABS(360-K13+G13))<=45,MIN(ABS(K13-I13),ABS(360-K13+I13))<=45),FALSE),IF(ISNUMBER(M13),OR(MIN(ABS(M13-G13),ABS(360-M13+G13))<=45,MIN(ABS(M13-I13),ABS(360-M13+I13))<=45),FALSE),IF(ISNUMBER(O13),OR(MIN(ABS(O13-G13),ABS(360-O13+G13))<=45,MIN(ABS(O13-I13),ABS(360-O13+I13))<=45),FALSE),MIN(ABS(Q13-G13),ABS(360-Q13+G13))<=90,MIN(ABS(Q13-I13),ABS(360-Q13+I13))<=90),0.25,0)))+IF(OR(R13="",H13="",J13=""),0.5,IF(AND(R13>=H13,R13<=J13),0.5,IF(AND(R13>=(H13-5),R13<=(J13+5)),0.25,0))) -> 1 | X13: =AVERAGE(S13,S50,S87,U125) -> 1 | Y13: =AVERAGE(T13,T50,T87,V125) -> 1
B14: =B13+1 -> 6 | G14: =IF(ISBLANK(Data!M48),"",Data!M48) | H14: =IF(ISBLANK(Data!N48),"",IF(Data!N48=2,0,Data!N48)) | I14: =IF(ISBLANK(Data!O48),"",Data!O48) | J14: =IF(ISBLANK(Data!P48),"",Data!P48) | K14: =IF(ISBLANK(Data!V88),"",Data!V88) | L14: =IF(ISBLANK(Data!W88),"",Data!W88) | M14: =IF(ISBLANK(Data!X88),"",Data!X88) | N14: =IF(ISBLANK(Data!Y88),"",Data!Y88) | O14: =IF(ISBLANK(Data!Z88),"",Data!Z88) | P14: =IF(ISBLANK(Data!AA88),"",Data!AA88) | Q14: =IF(Data!G11="","",IF(Data!G11=0,1080,Data!G11)) | R14: =IF(ISBLANK(Data!H11),"",Data!H11) | S14: =IF(OR(C14="",E14="",Q14="",C14=1080,E14=1080,Q14=1080),0.5,IF(OR(K14=C14,K14=E14,M14=C14,M14=E14,O14=C14,O14=E14,MIN(ABS(Q14-C14),ABS(360-Q14+E14))<=45),0.5,IF(OR(IF(ISNUMBER(K14),OR(MIN(ABS(K14-C14),ABS(360-K14+C14))<=45,MIN(ABS(K14-E14),ABS(360-K14+E14))<=45),FALSE),IF(ISNUMBER(M14),OR(MIN(ABS(M14-C14),ABS(360-M14+C14))<=45,MIN(ABS(M14-E14),ABS(360-M14+E14))<=45),FALSE),IF(ISNUMBER(O14),OR(MIN(ABS(O14-C14),ABS(360-O14+C14))<=45,MIN(ABS(O14-E14),ABS(360-O14+E14))<=45),FALSE),MIN(ABS(Q14-C14),ABS(360-Q14+C14))<=90,MIN(ABS(Q14-E14),ABS(360-Q14+E14))<=90),0.25,0)))+IF(OR(R14="",D14="",F14=""),0.5,IF(AND(R14>=D14,R14<=F14),0.5,IF(AND(R14>=(D14-5),R14<=(F14+5)),0.25,0))) -> 1 | T14: =IF(OR(G14="",I14="",Q14="",G14=1080,I14=1080,Q14=1080),0.5,IF(OR(K14=G14,K14=I14,M14=G14,M14=I14,O14=G14,O14=I14,MIN(ABS(Q14-G14),ABS(360-Q14+I14))<=45),0.5,IF(OR(IF(ISNUMBER(K14),OR(MIN(ABS(K14-G14),ABS(360-K14+G14))<=45,MIN(ABS(K14-I14),ABS(360-K14+I14))<=45),FALSE),IF(ISNUMBER(M14),OR(MIN(ABS(M14-G14),ABS(360-M14+G14))<=45,MIN(ABS(M14-I14),ABS(360-M14+I14))<=45),FALSE),IF(ISNUMBER(O14),OR(MIN(ABS(O14-G14),ABS(360-O14+G14))<=45,MIN(ABS(O14-I14),ABS(360-O14+I14))<=45),FALSE),MIN(ABS(Q14-G14),ABS(360-Q14+G14))<=90,MIN(ABS(Q14-I14),ABS(360-Q14+I14))<=90),0.25,0)))+IF(OR(R14="",H14="",J14=""),0.5,IF(AND(R14>=H14,R14<=J14),0.5,IF(AND(R14>=(H14-5),R14<=(J14+5)),0.25,0))) -> 1 | X14: =AVERAGE(S14,S51,S88,U126) -> 1 | Y14: =AVERAGE(T14,T51,T88,V126) -> 1
B15: =B14+1 -> 7 | G15: =IF(ISBLANK(Data!M49),"",Data!M49) | H15: =IF(ISBLANK(Data!N49),"",IF(Data!N49=2,0,Data!N49)) | I15: =IF(ISBLANK(Data!O49),"",Data!O49) | J15: =IF(ISBLANK(Data!P49),"",Data!P49) | K15: =IF(ISBLANK(Data!V89),"",Data!V89) | L15: =IF(ISBLANK(Data!W89),"",Data!W89) | M15: =IF(ISBLANK(Data!X89),"",Data!X89) | N15: =IF(ISBLANK(Data!Y89),"",Data!Y89) | O15: =IF(ISBLANK(Data!Z89),"",Data!Z89) | P15: =IF(ISBLANK(Data!AA89),"",Data!AA89) | Q15: =IF(Data!G12="","",IF(Data!G12=0,1080,Data!G12)) | R15: =IF(ISBLANK(Data!H12),"",Data!H12) | S15: =IF(OR(C15="",E15="",Q15="",C15=1080,E15=1080,Q15=1080),0.5,IF(OR(K15=C15,K15=E15,M15=C15,M15=E15,O15=C15,O15=E15,MIN(ABS(Q15-C15),ABS(360-Q15+E15))<=45),0.5,IF(OR(IF(ISNUMBER(K15),OR(MIN(ABS(K15-C15),ABS(360-K15+C15))<=45,MIN(ABS(K15-E15),ABS(360-K15+E15))<=45),FALSE),IF(ISNUMBER(M15),OR(MIN(ABS(M15-C15),ABS(360-M15+C15))<=45,MIN(ABS(M15-E15),ABS(360-M15+E15))<=45),FALSE),IF(ISNUMBER(O15),OR(MIN(ABS(O15-C15),ABS(360-O15+C15))<=45,MIN(ABS(O15-E15),ABS(360-O15+E15))<=45),FALSE),MIN(ABS(Q15-C15),ABS(360-Q15+C15))<=90,MIN(ABS(Q15-E15),ABS(360-Q15+E15))<=90),0.25,0)))+IF(OR(R15="",D15="",F15=""),0.5,IF(AND(R15>=D15,R15<=F15),0.5,IF(AND(R15>=(D15-5),R15<=(F15+5)),0.25,0))) -> 1 | T15: =IF(OR(G15="",I15="",Q15="",G15=1080,I15=1080,Q15=1080),0.5,IF(OR(K15=G15,K15=I15,M15=G15,M15=I15,O15=G15,O15=I15,MIN(ABS(Q15-G15),ABS(360-Q15+I15))<=45),0.5,IF(OR(IF(ISNUMBER(K15),OR(MIN(ABS(K15-G15),ABS(360-K15+G15))<=45,MIN(ABS(K15-I15),ABS(360-K15+I15))<=45),FALSE),IF(ISNUMBER(M15),OR(MIN(ABS(M15-G15),ABS(360-M15+G15))<=45,MIN(ABS(M15-I15),ABS(360-M15+I15))<=45),FALSE),IF(ISNUMBER(O15),OR(MIN(ABS(O15-G15),ABS(360-O15+G15))<=45,MIN(ABS(O15-I15),ABS(360-O15+I15))<=45),FALSE),MIN(ABS(Q15-G15),ABS(360-Q15+G15))<=90,MIN(ABS(Q15-I15),ABS(360-Q15+I15))<=90),0.25,0)))+IF(OR(R15="",H15="",J15=""),0.5,IF(AND(R15>=H15,R15<=J15),0.5,IF(AND(R15>=(H15-5),R15<=(J15+5)),0.25,0))) -> 1 | X15: =AVERAGE(S15,S52,S89,U127) -> 1 | Y15: =AVERAGE(T15,T52,T89,V127) -> 1
B16: =B15+1 -> 8 | G16: =IF(ISBLANK(Data!M50),"",Data!M50) | H16: =IF(ISBLANK(Data!N50),"",IF(Data!N50=2,0,Data!N50)) | I16: =IF(ISBLANK(Data!O50),"",Data!O50) | J16: =IF(ISBLANK(Data!P50),"",Data!P50) | K16: =IF(ISBLANK(Data!V90),"",Data!V90) | L16: =IF(ISBLANK(Data!W90),"",Data!W90) | M16: =IF(ISBLANK(Data!X90),"",Data!X90) | N16: =IF(ISBLANK(Data!Y90),"",Data!Y90) | O16: =IF(ISBLANK(Data!Z90),"",Data!Z90) | P16: =IF(ISBLANK(Data!AA90),"",Data!AA90) | Q16: =IF(Data!G13="","",IF(Data!G13=0,1080,Data!G13)) | R16: =IF(ISBLANK(Data!H13),"",Data!H13) | S16: =IF(OR(C16="",E16="",Q16="",C16=1080,E16=1080,Q16=1080),0.5,IF(OR(K16=C16,K16=E16,M16=C16,M16=E16,O16=C16,O16=E16,MIN(ABS(Q16-C16),ABS(360-Q16+E16))<=45),0.5,IF(OR(IF(ISNUMBER(K16),OR(MIN(ABS(K16-C16),ABS(360-K16+C16))<=45,MIN(ABS(K16-E16),ABS(360-K16+E16))<=45),FALSE),IF(ISNUMBER(M16),OR(MIN(ABS(M16-C16),ABS(360-M16+C16))<=45,MIN(ABS(M16-E16),ABS(360-M16+E16))<=45),FALSE),IF(ISNUMBER(O16),OR(MIN(ABS(O16-C16),ABS(360-O16+C16))<=45,MIN(ABS(O16-E16),ABS(360-O16+E16))<=45),FALSE),MIN(ABS(Q16-C16),ABS(360-Q16+C16))<=90,MIN(ABS(Q16-E16),ABS(360-Q16+E16))<=90),0.25,0)))+IF(OR(R16="",D16="",F16=""),0.5,IF(AND(R16>=D16,R16<=F16),0.5,IF(AND(R16>=(D16-5),R16<=(F16+5)),0.25,0))) -> 1 | T16: =IF(OR(G16="",I16="",Q16="",G16=1080,I16=1080,Q16=1080),0.5,IF(OR(K16=G16,K16=I16,M16=G16,M16=I16,O16=G16,O16=I16,MIN(ABS(Q16-G16),ABS(360-Q16+I16))<=45),0.5,IF(OR(IF(ISNUMBER(K16),OR(MIN(ABS(K16-G16),ABS(360-K16+G16))<=45,MIN(ABS(K16-I16),ABS(360-K16+I16))<=45),FALSE),IF(ISNUMBER(M16),OR(MIN(ABS(M16-G16),ABS(360-M16+G16))<=45,MIN(ABS(M16-I16),ABS(360-M16+I16))<=45),FALSE),IF(ISNUMBER(O16),OR(MIN(ABS(O16-G16),ABS(360-O16+G16))<=45,MIN(ABS(O16-I16),ABS(360-O16+I16))<=45),FALSE),MIN(ABS(Q16-G16),ABS(360-Q16+G16))<=90,MIN(ABS(Q16-I16),ABS(360-Q16+I16))<=90),0.25,0)))+IF(OR(R16="",H16="",J16=""),0.5,IF(AND(R16>=H16,R16<=J16),0.5,IF(AND(R16>=(H16-5),R16<=(J16+5)),0.25,0))) -> 1 | X16: =AVERAGE(S16,S53,S90,U128) -> 1 | Y16: =AVERAGE(T16,T53,T90,V128) -> 1
B17: =B16+1 -> 9 | G17: =IF(ISBLANK(Data!M51),"",Data!M51) | H17: =IF(ISBLANK(Data!N51),"",IF(Data!N51=2,0,Data!N51)) | I17: =IF(ISBLANK(Data!O51),"",Data!O51) | J17: =IF(ISBLANK(Data!P51),"",Data!P51) | K17: =IF(ISBLANK(Data!V91),"",Data!V91) | L17: =IF(ISBLANK(Data!W91),"",Data!W91) | M17: =IF(ISBLANK(Data!X91),"",Data!X91) | N17: =IF(ISBLANK(Data!Y91),"",Data!Y91) | O17: =IF(ISBLANK(Data!Z91),"",Data!Z91) | P17: =IF(ISBLANK(Data!AA91),"",Data!AA91) | Q17: =IF(Data!G14="","",IF(Data!G14=0,1080,Data!G14)) | R17: =IF(ISBLANK(Data!H14),"",Data!H14) | S17: =IF(OR(C17="",E17="",Q17="",C17=1080,E17=1080,Q17=1080),0.5,IF(OR(K17=C17,K17=E17,M17=C17,M17=E17,O17=C17,O17=E17,MIN(ABS(Q17-C17),ABS(360-Q17+E17))<=45),0.5,IF(OR(IF(ISNUMBER(K17),OR(MIN(ABS(K17-C17),ABS(360-K17+C17))<=45,MIN(ABS(K17-E17),ABS(360-K17+E17))<=45),FALSE),IF(ISNUMBER(M17),OR(MIN(ABS(M17-C17),ABS(360-M17+C17))<=45,MIN(ABS(M17-E17),ABS(360-M17+E17))<=45),FALSE),IF(ISNUMBER(O17),OR(MIN(ABS(O17-C17),ABS(360-O17+C17))<=45,MIN(ABS(O17-E17),ABS(360-O17+E17))<=45),FALSE),MIN(ABS(Q17-C17),ABS(360-Q17+C17))<=90,MIN(ABS(Q17-E17),ABS(360-Q17+E17))<=90),0.25,0)))+IF(OR(R17="",D17="",F17=""),0.5,IF(AND(R17>=D17,R17<=F17),0.5,IF(AND(R17>=(D17-5),R17<=(F17+5)),0.25,0))) -> 1 | T17: =IF(OR(G17="",I17="",Q17="",G17=1080,I17=1080,Q17=1080),0.5,IF(OR(K17=G17,K17=I17,M17=G17,M17=I17,O17=G17,O17=I17,MIN(ABS(Q17-G17),ABS(360-Q17+I17))<=45),0.5,IF(OR(IF(ISNUMBER(K17),OR(MIN(ABS(K17-G17),ABS(360-K17+G17))<=45,MIN(ABS(K17-I17),ABS(360-K17+I17))<=45),FALSE),IF(ISNUMBER(M17),OR(MIN(ABS(M17-G17),ABS(360-M17+G17))<=45,MIN(ABS(M17-I17),ABS(360-M17+I17))<=45),FALSE),IF(ISNUMBER(O17),OR(MIN(ABS(O17-G17),ABS(360-O17+G17))<=45,MIN(ABS(O17-I17),ABS(360-O17+I17))<=45),FALSE),MIN(ABS(Q17-G17),ABS(360-Q17+G17))<=90,MIN(ABS(Q17-I17),ABS(360-Q17+I17))<=90),0.25,0)))+IF(OR(R17="",H17="",J17=""),0.5,IF(AND(R17>=H17,R17<=J17),0.5,IF(AND(R17>=(H17-5),R17<=(J17+5)),0.25,0))) -> 1 | X17: =AVERAGE(S17,S54,S91,U129) -> 1 | Y17: =AVERAGE(T17,T54,T91,V129) -> 1
B18: =B17+1 -> 10 | G18: =IF(ISBLANK(Data!M52),"",Data!M52) | H18: =IF(ISBLANK(Data!N52),"",IF(Data!N52=2,0,Data!N52)) | I18: =IF(ISBLANK(Data!O52),"",Data!O52) | J18: =IF(ISBLANK(Data!P52),"",Data!P52) | K18: =IF(ISBLANK(Data!V92),"",Data!V92) | L18: =IF(ISBLANK(Data!W92),"",Data!W92) | M18: =IF(ISBLANK(Data!X92),"",Data!X92) | N18: =IF(ISBLANK(Data!Y92),"",Data!Y92) | O18: =IF(ISBLANK(Data!Z92),"",Data!Z92) | P18: =IF(ISBLANK(Data!AA92),"",Data!AA92) | Q18: =IF(Data!G15="","",IF(Data!G15=0,1080,Data!G15)) | R18: =IF(ISBLANK(Data!H15),"",Data!H15) | S18: =IF(OR(C18="",E18="",Q18="",C18=1080,E18=1080,Q18=1080),0.5,IF(OR(K18=C18,K18=E18,M18=C18,M18=E18,O18=C18,O18=E18,MIN(ABS(Q18-C18),ABS(360-Q18+E18))<=45),0.5,IF(OR(IF(ISNUMBER(K18),OR(MIN(ABS(K18-C18),ABS(360-K18+C18))<=45,MIN(ABS(K18-E18),ABS(360-K18+E18))<=45),FALSE),IF(ISNUMBER(M18),OR(MIN(ABS(M18-C18),ABS(360-M18+C18))<=45,MIN(ABS(M18-E18),ABS(360-M18+E18))<=45),FALSE),IF(ISNUMBER(O18),OR(MIN(ABS(O18-C18),ABS(360-O18+C18))<=45,MIN(ABS(O18-E18),ABS(360-O18+E18))<=45),FALSE),MIN(ABS(Q18-C18),ABS(360-Q18+C18))<=90,MIN(ABS(Q18-E18),ABS(360-Q18+E18))<=90),0.25,0)))+IF(OR(R18="",D18="",F18=""),0.5,IF(AND(R18>=D18,R18<=F18),0.5,IF(AND(R18>=(D18-5),R18<=(F18+5)),0.25,0))) -> 1 | T18: =IF(OR(G18="",I18="",Q18="",G18=1080,I18=1080,Q18=1080),0.5,IF(OR(K18=G18,K18=I18,M18=G18,M18=I18,O18=G18,O18=I18,MIN(ABS(Q18-G18),ABS(360-Q18+I18))<=45),0.5,IF(OR(IF(ISNUMBER(K18),OR(MIN(ABS(K18-G18),ABS(360-K18+G18))<=45,MIN(ABS(K18-I18),ABS(360-K18+I18))<=45),FALSE),IF(ISNUMBER(M18),OR(MIN(ABS(M18-G18),ABS(360-M18+G18))<=45,MIN(ABS(M18-I18),ABS(360-M18+I18))<=45),FALSE),IF(ISNUMBER(O18),OR(MIN(ABS(O18-G18),ABS(360-O18+G18))<=45,MIN(ABS(O18-I18),ABS(360-O18+I18))<=45),FALSE),MIN(ABS(Q18-G18),ABS(360-Q18+G18))<=90,MIN(ABS(Q18-I18),ABS(360-Q18+I18))<=90),0.25,0)))+IF(OR(R18="",H18="",J18=""),0.5,IF(AND(R18>=H18,R18<=J18),0.5,IF(AND(R18>=(H18-5),R18<=(J18+5)),0.25,0))) -> 1 | X18: =AVERAGE(S18,S55,S92,U130) -> 1 | Y18: =AVERAGE(T18,T55,T92,V130) -> 1
B19: =B18+1 -> 11 | G19: =IF(ISBLANK(Data!M53),"",Data!M53) | H19: =IF(ISBLANK(Data!N53),"",IF(Data!N53=2,0,Data!N53)) | I19: =IF(ISBLANK(Data!O53),"",Data!O53) | J19: =IF(ISBLANK(Data!P53),"",Data!P53) | K19: =IF(ISBLANK(Data!V93),"",Data!V93) | L19: =IF(ISBLANK(Data!W93),"",Data!W93) | M19: =IF(ISBLANK(Data!X93),"",Data!X93) | N19: =IF(ISBLANK(Data!Y93),"",Data!Y93) | O19: =IF(ISBLANK(Data!Z93),"",Data!Z93) | P19: =IF(ISBLANK(Data!AA93),"",Data!AA93) | Q19: =IF(Data!G16="","",IF(Data!G16=0,1080,Data!G16)) | R19: =IF(ISBLANK(Data!H16),"",Data!H16) | S19: =IF(OR(C19="",E19="",Q19="",C19=1080,E19=1080,Q19=1080),0.5,IF(OR(K19=C19,K19=E19,M19=C19,M19=E19,O19=C19,O19=E19,MIN(ABS(Q19-C19),ABS(360-Q19+E19))<=45),0.5,IF(OR(IF(ISNUMBER(K19),OR(MIN(ABS(K19-C19),ABS(360-K19+C19))<=45,MIN(ABS(K19-E19),ABS(360-K19+E19))<=45),FALSE),IF(ISNUMBER(M19),OR(MIN(ABS(M19-C19),ABS(360-M19+C19))<=45,MIN(ABS(M19-E19),ABS(360-M19+E19))<=45),FALSE),IF(ISNUMBER(O19),OR(MIN(ABS(O19-C19),ABS(360-O19+C19))<=45,MIN(ABS(O19-E19),ABS(360-O19+E19))<=45),FALSE),MIN(ABS(Q19-C19),ABS(360-Q19+C19))<=90,MIN(ABS(Q19-E19),ABS(360-Q19+E19))<=90),0.25,0)))+IF(OR(R19="",D19="",F19=""),0.5,IF(AND(R19>=D19,R19<=F19),0.5,IF(AND(R19>=(D19-5),R19<=(F19+5)),0.25,0))) -> 1 | T19: =IF(OR(G19="",I19="",Q19="",G19=1080,I19=1080,Q19=1080),0.5,IF(OR(K19=G19,K19=I19,M19=G19,M19=I19,O19=G19,O19=I19,MIN(ABS(Q19-G19),ABS(360-Q19+I19))<=45),0.5,IF(OR(IF(ISNUMBER(K19),OR(MIN(ABS(K19-G19),ABS(360-K19+G19))<=45,MIN(ABS(K19-I19),ABS(360-K19+I19))<=45),FALSE),IF(ISNUMBER(M19),OR(MIN(ABS(M19-G19),ABS(360-M19+G19))<=45,MIN(ABS(M19-I19),ABS(360-M19+I19))<=45),FALSE),IF(ISNUMBER(O19),OR(MIN(ABS(O19-G19),ABS(360-O19+G19))<=45,MIN(ABS(O19-I19),ABS(360-O19+I19))<=45),FALSE),MIN(ABS(Q19-G19),ABS(360-Q19+G19))<=90,MIN(ABS(Q19-I19),ABS(360-Q19+I19))<=90),0.25,0)))+IF(OR(R19="",H19="",J19=""),0.5,IF(AND(R19>=H19,R19<=J19),0.5,IF(AND(R19>=(H19-5),R19<=(J19+5)),0.25,0))) -> 1 | X19: =AVERAGE(S19,S56,S93,U131) -> 1 | Y19: =AVERAGE(T19,T56,T93,V131) -> 1
B20: =B19+1 -> 12 | G20: =IF(ISBLANK(Data!M54),"",Data!M54) | H20: =IF(ISBLANK(Data!N54),"",IF(Data!N54=2,0,Data!N54)) | I20: =IF(ISBLANK(Data!O54),"",Data!O54) | J20: =IF(ISBLANK(Data!P54),"",Data!P54) | K20: =IF(ISBLANK(Data!V94),"",Data!V94) | L20: =IF(ISBLANK(Data!W94),"",Data!W94) | M20: =IF(ISBLANK(Data!X94),"",Data!X94) | N20: =IF(ISBLANK(Data!Y94),"",Data!Y94) | O20: =IF(ISBLANK(Data!Z94),"",Data!Z94) | P20: =IF(ISBLANK(Data!AA94),"",Data!AA94) | Q20: =IF(Data!G17="","",IF(Data!G17=0,1080,Data!G17)) | R20: =IF(ISBLANK(Data!H17),"",Data!H17) | S20: =IF(OR(C20="",E20="",Q20="",C20=1080,E20=1080,Q20=1080),0.5,IF(OR(K20=C20,K20=E20,M20=C20,M20=E20,O20=C20,O20=E20,MIN(ABS(Q20-C20),ABS(360-Q20+E20))<=45),0.5,IF(OR(IF(ISNUMBER(K20),OR(MIN(ABS(K20-C20),ABS(360-K20+C20))<=45,MIN(ABS(K20-E20),ABS(360-K20+E20))<=45),FALSE),IF(ISNUMBER(M20),OR(MIN(ABS(M20-C20),ABS(360-M20+C20))<=45,MIN(ABS(M20-E20),ABS(360-M20+E20))<=45),FALSE),IF(ISNUMBER(O20),OR(MIN(ABS(O20-C20),ABS(360-O20+C20))<=45,MIN(ABS(O20-E20),ABS(360-O20+E20))<=45),FALSE),MIN(ABS(Q20-C20),ABS(360-Q20+C20))<=90,MIN(ABS(Q20-E20),ABS(360-Q20+E20))<=90),0.25,0)))+IF(OR(R20="",D20="",F20=""),0.5,IF(AND(R20>=D20,R20<=F20),0.5,IF(AND(R20>=(D20-5),R20<=(F20+5)),0.25,0))) -> 1 | T20: =IF(OR(G20="",I20="",Q20="",G20=1080,I20=1080,Q20=1080),0.5,IF(OR(K20=G20,K20=I20,M20=G20,M20=I20,O20=G20,O20=I20,MIN(ABS(Q20-G20),ABS(360-Q20+I20))<=45),0.5,IF(OR(IF(ISNUMBER(K20),OR(MIN(ABS(K20-G20),ABS(360-K20+G20))<=45,MIN(ABS(K20-I20),ABS(360-K20+I20))<=45),FALSE),IF(ISNUMBER(M20),OR(MIN(ABS(M20-G20),ABS(360-M20+G20))<=45,MIN(ABS(M20-I20),ABS(360-M20+I20))<=45),FALSE),IF(ISNUMBER(O20),OR(MIN(ABS(O20-G20),ABS(360-O20+G20))<=45,MIN(ABS(O20-I20),ABS(360-O20+I20))<=45),FALSE),MIN(ABS(Q20-G20),ABS(360-Q20+G20))<=90,MIN(ABS(Q20-I20),ABS(360-Q20+I20))<=90),0.25,0)))+IF(OR(R20="",H20="",J20=""),0.5,IF(AND(R20>=H20,R20<=J20),0.5,IF(AND(R20>=(H20-5),R20<=(J20+5)),0.25,0))) -> 1 | X20: =AVERAGE(S20,S57,S94,U132) -> 1 | Y20: =AVERAGE(T20,T57,T94,V132) -> 1
B21: =B20+1 -> 13 | G21: =IF(ISBLANK(Data!M55),"",Data!M55) | H21: =IF(ISBLANK(Data!N55),"",IF(Data!N55=2,0,Data!N55)) | I21: =IF(ISBLANK(Data!O55),"",Data!O55) | J21: =IF(ISBLANK(Data!P55),"",Data!P55) | K21: =IF(ISBLANK(Data!V95),"",Data!V95) | L21: =IF(ISBLANK(Data!W95),"",Data!W95) | M21: =IF(ISBLANK(Data!X95),"",Data!X95) | N21: =IF(ISBLANK(Data!Y95),"",Data!Y95) | O21: =IF(ISBLANK(Data!Z95),"",Data!Z95) | P21: =IF(ISBLANK(Data!AA95),"",Data!AA95) | Q21: =IF(Data!G18="","",IF(Data!G18=0,1080,Data!G18)) | R21: =IF(ISBLANK(Data!H18),"",Data!H18) | S21: =IF(OR(C21="",E21="",Q21="",C21=1080,E21=1080,Q21=1080),0.5,IF(OR(K21=C21,K21=E21,M21=C21,M21=E21,O21=C21,O21=E21,MIN(ABS(Q21-C21),ABS(360-Q21+E21))<=45),0.5,IF(OR(IF(ISNUMBER(K21),OR(MIN(ABS(K21-C21),ABS(360-K21+C21))<=45,MIN(ABS(K21-E21),ABS(360-K21+E21))<=45),FALSE),IF(ISNUMBER(M21),OR(MIN(ABS(M21-C21),ABS(360-M21+C21))<=45,MIN(ABS(M21-E21),ABS(360-M21+E21))<=45),FALSE),IF(ISNUMBER(O21),OR(MIN(ABS(O21-C21),ABS(360-O21+C21))<=45,MIN(ABS(O21-E21),ABS(360-O21+E21))<=45),FALSE),MIN(ABS(Q21-C21),ABS(360-Q21+C21))<=90,MIN(ABS(Q21-E21),ABS(360-Q21+E21))<=90),0.25,0)))+IF(OR(R21="",D21="",F21=""),0.5,IF(AND(R21>=D21,R21<=F21),0.5,IF(AND(R21>=(D21-5),R21<=(F21+5)),0.25,0))) -> 1 | T21: =IF(OR(G21="",I21="",Q21="",G21=1080,I21=1080,Q21=1080),0.5,IF(OR(K21=G21,K21=I21,M21=G21,M21=I21,O21=G21,O21=I21,MIN(ABS(Q21-G21),ABS(360-Q21+I21))<=45),0.5,IF(OR(IF(ISNUMBER(K21),OR(MIN(ABS(K21-G21),ABS(360-K21+G21))<=45,MIN(ABS(K21-I21),ABS(360-K21+I21))<=45),FALSE),IF(ISNUMBER(M21),OR(MIN(ABS(M21-G21),ABS(360-M21+G21))<=45,MIN(ABS(M21-I21),ABS(360-M21+I21))<=45),FALSE),IF(ISNUMBER(O21),OR(MIN(ABS(O21-G21),ABS(360-O21+G21))<=45,MIN(ABS(O21-I21),ABS(360-O21+I21))<=45),FALSE),MIN(ABS(Q21-G21),ABS(360-Q21+G21))<=90,MIN(ABS(Q21-I21),ABS(360-Q21+I21))<=90),0.25,0)))+IF(OR(R21="",H21="",J21=""),0.5,IF(AND(R21>=H21,R21<=J21),0.5,IF(AND(R21>=(H21-5),R21<=(J21+5)),0.25,0))) -> 1 | X21: =AVERAGE(S21,S58,S95,U133) -> 1 | Y21: =AVERAGE(T21,T58,T95,V133) -> 1
... B39: =B38+1 -> 31 | G39: =IF(ISBLANK(Data!M73),"",Data!M73) | H39: =IF(ISBLANK(Data!N73),"",IF(Data!N73=2,0,Data!N73)) | I39: =IF(ISBLANK(Data!O73),"",Data!O73) | J39: =IF(ISBLANK(Data!P73),"",Data!P73) | K39: =IF(ISBLANK(Data!V113),"",Data!V113) | L39: =IF(ISBLANK(Data!W113),"",Data!W113) | M39: =IF(ISBLANK(Data!X113),"",Data!X113) | N39: =IF(ISBLANK(Data!Y113),"",Data!Y113) | O39: =IF(ISBLANK(Data!Z113),"",Data!Z113) | P39: =IF(ISBLANK(Data!AA113),"",Data!AA113) | Q39: =IF(Data!G36="","",IF(Data!G36=0,1080,Data!G36)) | R39: =IF(ISBLANK(Data!H36),"",Data!H36) | S39: =IF(OR(C39="",E39="",Q39="",C39=1080,E39=1080,Q39=1080),0.5,IF(OR(K39=C39,K39=E39,M39=C39,M39=E39,O39=C39,O39=E39,MIN(ABS(Q39-C39),ABS(360-Q39+E39))<=45),0.5,IF(OR(IF(ISNUMBER(K39),OR(MIN(ABS(K39-C39),ABS(360-K39+C39))<=45,MIN(ABS(K39-E39),ABS(360-K39+E39))<=45),FALSE),IF(ISNUMBER(M39),OR(MIN(ABS(M39-C39),ABS(360-M39+C39))<=45,MIN(ABS(M39-E39),ABS(360-M39+E39))<=45),FALSE),IF(ISNUMBER(O39),OR(MIN(ABS(O39-C39),ABS(360-O39+C39))<=45,MIN(ABS(O39-E39),ABS(360-O39+E39))<=45),FALSE),MIN(ABS(Q39-C39),ABS(360-Q39+C39))<=90,MIN(ABS(Q39-E39),ABS(360-Q39+E39))<=90),0.25,0)))+IF(OR(R39="",D39="",F39=""),0.5,IF(AND(R39>=D39,R39<=F39),0.5,IF(AND(R39>=(D39-5),R39<=(F39+5)),0.25,0))) -> 1 | T39: =IF(OR(G39="",I39="",Q39="",G39=1080,I39=1080,Q39=1080),0.5,IF(OR(K39=G39,K39=I39,M39=G39,M39=I39,O39=G39,O39=I39,MIN(ABS(Q39-G39),ABS(360-Q39+I39))<=45),0.5,IF(OR(IF(ISNUMBER(K39),OR(MIN(ABS(K39-G39),ABS(360-K39+G39))<=45,MIN(ABS(K39-I39),ABS(360-K39+I39))<=45),FALSE),IF(ISNUMBER(M39),OR(MIN(ABS(M39-G39),ABS(360-M39+G39))<=45,MIN(ABS(M39-I39),ABS(360-M39+I39))<=45),FALSE),IF(ISNUMBER(O39),OR(MIN(ABS(O39-G39),ABS(360-O39+G39))<=45,MIN(ABS(O39-I39),ABS(360-O39+I39))<=45),FALSE),MIN(ABS(Q39-G39),ABS(360-Q39+G39))<=90,MIN(ABS(Q39-I39),ABS(360-Q39+I39))<=90),0.25,0)))+IF(OR(R39="",H39="",J39=""),0.5,IF(AND(R39>=H39,R39<=J39),0.5,IF(AND(R39>=(H39-5),R39<=(J39+5)),0.25,0))) -> 1 | X39: =AVERAGE(S39,S76,S113,U151) -> 1 | Y39: =AVERAGE(T39,T76,T113,V151) -> 1
B42: Date | C42: 09H-11H
C43: Prévu 00-12 | G43: Prévu 24-36 | K43: Observé
C44: DD1 | D44: ff | E44: DD2 | F44: FF | G44: DD1 | H44: ff | I44: DD2 | J44: FF | K44: 09h | M44: 10h | O44: 11h | Q44: Moyenne | S44: Score 24 | T44: Score 48
K45: DD | L45: ff | M45: DD | N45: ff | O45: DD | P45: ff | Q45: DD | R45: FF
B46: 1 | G46: =IF(ISBLANK(Data!M43),"",Data!M43) | H46: =IF(ISBLANK(Data!N43),"",IF(Data!N43=2,0,Data!N43)) | I46: =IF(ISBLANK(Data!O43),"",Data!O43) | J46: =IF(ISBLANK(Data!P43),"",Data!P43) | K46: =IF(ISBLANK(Data!AB83),"",Data!AB83) | L46: =IF(ISBLANK(Data!AC83),"",Data!AC83) | M46: =IF(ISBLANK(Data!AD83),"",Data!AD83) | N46: =IF(ISBLANK(Data!AE83),"",Data!AE83) | O46: =IF(ISBLANK(Data!AF83),"",Data!AF83) | P46: =IF(ISBLANK(Data!AG83),"",Data!AG83) | Q46: =IF(Data!I6="","",IF(Data!I6=0,1080,Data!I6)) | R46: =IF(ISBLANK(Data!J6),"",Data!J6) | S46: =IF(OR(C46="",E46="",Q46="",C46=1080,E46=1080,Q46=1080),0.5,IF(OR(K46=C46,K46=E46,M46=C46,M46=E46,O46=C46,O46=E46,MIN(ABS(Q46-C46),ABS(360-Q46+E46))<=45),0.5,IF(OR(IF(ISNUMBER(K46),OR(MIN(ABS(K46-C46),ABS(360-K46+C46))<=45,MIN(ABS(K46-E46),ABS(360-K46+E46))<=45),FALSE),IF(ISNUMBER(M46),OR(MIN(ABS(M46-C46),ABS(360-M46+C46))<=45,MIN(ABS(M46-E46),ABS(360-M46+E46))<=45),FALSE),IF(ISNUMBER(O46),OR(MIN(ABS(O46-C46),ABS(360-O46+C46))<=45,MIN(ABS(O46-E46),ABS(360-O46+E46))<=45),FALSE),MIN(ABS(Q46-C46),ABS(360-Q46+C46))<=90,MIN(ABS(Q46-E46),ABS(360-Q46+E46))<=90),0.25,0)))+IF(OR(R46="",D46="",F46=""),0.5,IF(AND(R46>=D46,R46<=F46),0.5,IF(AND(R46>=(D46-5),R46<=(F46+5)),0.25,0))) -> 1 | T46: =IF(OR(G46="",I46="",Q46="",G46=1080,I46=1080,Q46=1080),0.5,IF(OR(K46=G46,K46=I46,M46=G46,M46=I46,O46=G46,O46=I46,MIN(ABS(Q46-G46),ABS(360-Q46+I46))<=45),0.5,IF(OR(IF(ISNUMBER(K46),OR(MIN(ABS(K46-G46),ABS(360-K46+G46))<=45,MIN(ABS(K46-I46),ABS(360-K46+I46))<=45),FALSE),IF(ISNUMBER(M46),OR(MIN(ABS(M46-G46),ABS(360-M46+G46))<=45,MIN(ABS(M46-I46),ABS(360-M46+I46))<=45),FALSE),IF(ISNUMBER(O46),OR(MIN(ABS(O46-G46),ABS(360-O46+G46))<=45,MIN(ABS(O46-I46),ABS(360-O46+I46))<=45),FALSE),MIN(ABS(Q46-G46),ABS(360-Q46+G46))<=90,MIN(ABS(Q46-I46),ABS(360-Q46+I46))<=90),0.25,0)))+IF(OR(R46="",H46="",J46=""),0.5,IF(AND(R46>=H46,R46<=J46),0.5,IF(AND(R46>=(H46-5),R46<=(J46+5)),0.25,0))) -> 1
B47: =B46+1 -> 2 | G47: =IF(ISBLANK(Data!M44),"",Data!M44) | H47: =IF(ISBLANK(Data!N44),"",IF(Data!N44=2,0,Data!N44)) | I47: =IF(ISBLANK(Data!O44),"",Data!O44) | J47: =IF(ISBLANK(Data!P44),"",Data!P44) | K47: =IF(ISBLANK(Data!AB84),"",Data!AB84) | L47: =IF(ISBLANK(Data!AC84),"",Data!AC84) | M47: =IF(ISBLANK(Data!AD84),"",Data!AD84) | N47: =IF(ISBLANK(Data!AE84),"",Data!AE84) | O47: =IF(ISBLANK(Data!AF84),"",Data!AF84) | P47: =IF(ISBLANK(Data!AG84),"",Data!AG84) | Q47: =IF(Data!I7="","",IF(Data!I7=0,1080,Data!I7)) | R47: =IF(ISBLANK(Data!J7),"",Data!J7) | S47: =IF(OR(C47="",E47="",Q47="",C47=1080,E47=1080,Q47=1080),0.5,IF(OR(K47=C47,K47=E47,M47=C47,M47=E47,O47=C47,O47=E47,MIN(ABS(Q47-C47),ABS(360-Q47+E47))<=45),0.5,IF(OR(IF(ISNUMBER(K47),OR(MIN(ABS(K47-C47),ABS(360-K47+C47))<=45,MIN(ABS(K47-E47),ABS(360-K47+E47))<=45),FALSE),IF(ISNUMBER(M47),OR(MIN(ABS(M47-C47),ABS(360-M47+C47))<=45,MIN(ABS(M47-E47),ABS(360-M47+E47))<=45),FALSE),IF(ISNUMBER(O47),OR(MIN(ABS(O47-C47),ABS(360-O47+C47))<=45,MIN(ABS(O47-E47),ABS(360-O47+E47))<=45),FALSE),MIN(ABS(Q47-C47),ABS(360-Q47+C47))<=90,MIN(ABS(Q47-E47),ABS(360-Q47+E47))<=90),0.25,0)))+IF(OR(R47="",D47="",F47=""),0.5,IF(AND(R47>=D47,R47<=F47),0.5,IF(AND(R47>=(D47-5),R47<=(F47+5)),0.25,0))) -> 1 | T47: =IF(OR(G47="",I47="",Q47="",G47=1080,I47=1080,Q47=1080),0.5,IF(OR(K47=G47,K47=I47,M47=G47,M47=I47,O47=G47,O47=I47,MIN(ABS(Q47-G47),ABS(360-Q47+I47))<=45),0.5,IF(OR(IF(ISNUMBER(K47),OR(MIN(ABS(K47-G47),ABS(360-K47+G47))<=45,MIN(ABS(K47-I47),ABS(360-K47+I47))<=45),FALSE),IF(ISNUMBER(M47),OR(MIN(ABS(M47-G47),ABS(360-M47+G47))<=45,MIN(ABS(M47-I47),ABS(360-M47+I47))<=45),FALSE),IF(ISNUMBER(O47),OR(MIN(ABS(O47-G47),ABS(360-O47+G47))<=45,MIN(ABS(O47-I47),ABS(360-O47+I47))<=45),FALSE),MIN(ABS(Q47-G47),ABS(360-Q47+G47))<=90,MIN(ABS(Q47-I47),ABS(360-Q47+I47))<=90),0.25,0)))+IF(OR(R47="",H47="",J47=""),0.5,IF(AND(R47>=H47,R47<=J47),0.5,IF(AND(R47>=(H47-5),R47<=(J47+5)),0.25,0))) -> 1
B48: =B47+1 -> 3 | G48: =IF(ISBLANK(Data!M45),"",Data!M45) | H48: =IF(ISBLANK(Data!N45),"",IF(Data!N45=2,0,Data!N45)) | I48: =IF(ISBLANK(Data!O45),"",Data!O45) | J48: =IF(ISBLANK(Data!P45),"",Data!P45) | K48: =IF(ISBLANK(Data!AB85),"",Data!AB85) | L48: =IF(ISBLANK(Data!AC85),"",Data!AC85) | M48: =IF(ISBLANK(Data!AD85),"",Data!AD85) | N48: =IF(ISBLANK(Data!AE85),"",Data!AE85) | O48: =IF(ISBLANK(Data!AF85),"",Data!AF85) | P48: =IF(ISBLANK(Data!AG85),"",Data!AG85) | Q48: =IF(Data!I8="","",IF(Data!I8=0,1080,Data!I8)) | R48: =IF(ISBLANK(Data!J8),"",Data!J8) | S48: =IF(OR(C48="",E48="",Q48="",C48=1080,E48=1080,Q48=1080),0.5,IF(OR(K48=C48,K48=E48,M48=C48,M48=E48,O48=C48,O48=E48,MIN(ABS(Q48-C48),ABS(360-Q48+E48))<=45),0.5,IF(OR(IF(ISNUMBER(K48),OR(MIN(ABS(K48-C48),ABS(360-K48+C48))<=45,MIN(ABS(K48-E48),ABS(360-K48+E48))<=45),FALSE),IF(ISNUMBER(M48),OR(MIN(ABS(M48-C48),ABS(360-M48+C48))<=45,MIN(ABS(M48-E48),ABS(360-M48+E48))<=45),FALSE),IF(ISNUMBER(O48),OR(MIN(ABS(O48-C48),ABS(360-O48+C48))<=45,MIN(ABS(O48-E48),ABS(360-O48+E48))<=45),FALSE),MIN(ABS(Q48-C48),ABS(360-Q48+C48))<=90,MIN(ABS(Q48-E48),ABS(360-Q48+E48))<=90),0.25,0)))+IF(OR(R48="",D48="",F48=""),0.5,IF(AND(R48>=D48,R48<=F48),0.5,IF(AND(R48>=(D48-5),R48<=(F48+5)),0.25,0))) -> 1 | T48: =IF(OR(G48="",I48="",Q48="",G48=1080,I48=1080,Q48=1080),0.5,IF(OR(K48=G48,K48=I48,M48=G48,M48=I48,O48=G48,O48=I48,MIN(ABS(Q48-G48),ABS(360-Q48+I48))<=45),0.5,IF(OR(IF(ISNUMBER(K48),OR(MIN(ABS(K48-G48),ABS(360-K48+G48))<=45,MIN(ABS(K48-I48),ABS(360-K48+I48))<=45),FALSE),IF(ISNUMBER(M48),OR(MIN(ABS(M48-G48),ABS(360-M48+G48))<=45,MIN(ABS(M48-I48),ABS(360-M48+I48))<=45),FALSE),IF(ISNUMBER(O48),OR(MIN(ABS(O48-G48),ABS(360-O48+G48))<=45,MIN(ABS(O48-I48),ABS(360-O48+I48))<=45),FALSE),MIN(ABS(Q48-G48),ABS(360-Q48+G48))<=90,MIN(ABS(Q48-I48),ABS(360-Q48+I48))<=90),0.25,0)))+IF(OR(R48="",H48="",J48=""),0.5,IF(AND(R48>=H48,R48<=J48),0.5,IF(AND(R48>=(H48-5),R48<=(J48+5)),0.25,0))) -> 1
B49: =B48+1 -> 4 | G49: =IF(ISBLANK(Data!M46),"",Data!M46) | H49: =IF(ISBLANK(Data!N46),"",IF(Data!N46=2,0,Data!N46)) | I49: =IF(ISBLANK(Data!O46),"",Data!O46) | J49: =IF(ISBLANK(Data!P46),"",Data!P46) | K49: =IF(ISBLANK(Data!AB86),"",Data!AB86) | L49: =IF(ISBLANK(Data!AC86),"",Data!AC86) | M49: =IF(ISBLANK(Data!AD86),"",Data!AD86) | N49: =IF(ISBLANK(Data!AE86),"",Data!AE86) | O49: =IF(ISBLANK(Data!AF86),"",Data!AF86) | P49: =IF(ISBLANK(Data!AG86),"",Data!AG86) | Q49: =IF(Data!I9="","",IF(Data!I9=0,1080,Data!I9)) | R49: =IF(ISBLANK(Data!J9),"",Data!J9) | S49: =IF(OR(C49="",E49="",Q49="",C49=1080,E49=1080,Q49=1080),0.5,IF(OR(K49=C49,K49=E49,M49=C49,M49=E49,O49=C49,O49=E49,MIN(ABS(Q49-C49),ABS(360-Q49+E49))<=45),0.5,IF(OR(IF(ISNUMBER(K49),OR(MIN(ABS(K49-C49),ABS(360-K49+C49))<=45,MIN(ABS(K49-E49),ABS(360-K49+E49))<=45),FALSE),IF(ISNUMBER(M49),OR(MIN(ABS(M49-C49),ABS(360-M49+C49))<=45,MIN(ABS(M49-E49),ABS(360-M49+E49))<=45),FALSE),IF(ISNUMBER(O49),OR(MIN(ABS(O49-C49),ABS(360-O49+C49))<=45,MIN(ABS(O49-E49),ABS(360-O49+E49))<=45),FALSE),MIN(ABS(Q49-C49),ABS(360-Q49+C49))<=90,MIN(ABS(Q49-E49),ABS(360-Q49+E49))<=90),0.25,0)))+IF(OR(R49="",D49="",F49=""),0.5,IF(AND(R49>=D49,R49<=F49),0.5,IF(AND(R49>=(D49-5),R49<=(F49+5)),0.25,0))) -> 1 | T49: =IF(OR(G49="",I49="",Q49="",G49=1080,I49=1080,Q49=1080),0.5,IF(OR(K49=G49,K49=I49,M49=G49,M49=I49,O49=G49,O49=I49,MIN(ABS(Q49-G49),ABS(360-Q49+I49))<=45),0.5,IF(OR(IF(ISNUMBER(K49),OR(MIN(ABS(K49-G49),ABS(360-K49+G49))<=45,MIN(ABS(K49-I49),ABS(360-K49+I49))<=45),FALSE),IF(ISNUMBER(M49),OR(MIN(ABS(M49-G49),ABS(360-M49+G49))<=45,MIN(ABS(M49-I49),ABS(360-M49+I49))<=45),FALSE),IF(ISNUMBER(O49),OR(MIN(ABS(O49-G49),ABS(360-O49+G49))<=45,MIN(ABS(O49-I49),ABS(360-O49+I49))<=45),FALSE),MIN(ABS(Q49-G49),ABS(360-Q49+G49))<=90,MIN(ABS(Q49-I49),ABS(360-Q49+I49))<=90),0.25,0)))+IF(OR(R49="",H49="",J49=""),0.5,IF(AND(R49>=H49,R49<=J49),0.5,IF(AND(R49>=(H49-5),R49<=(J49+5)),0.25,0))) -> 1
B50: =B49+1 -> 5 | G50: =IF(ISBLANK(Data!M47),"",Data!M47) | H50: =IF(ISBLANK(Data!N47),"",IF(Data!N47=2,0,Data!N47)) | I50: =IF(ISBLANK(Data!O47),"",Data!O47) | J50: =IF(ISBLANK(Data!P47),"",Data!P47) | K50: =IF(ISBLANK(Data!AB87),"",Data!AB87) | L50: =IF(ISBLANK(Data!AC87),"",Data!AC87) | M50: =IF(ISBLANK(Data!AD87),"",Data!AD87) | N50: =IF(ISBLANK(Data!AE87),"",Data!AE87) | O50: =IF(ISBLANK(Data!AF87),"",Data!AF87) | P50: =IF(ISBLANK(Data!AG87),"",Data!AG87) | Q50: =IF(Data!I10="","",IF(Data!I10=0,1080,Data!I10)) | R50: =IF(ISBLANK(Data!J10),"",Data!J10) | S50: =IF(OR(C50="",E50="",Q50="",C50=1080,E50=1080,Q50=1080),0.5,IF(OR(K50=C50,K50=E50,M50=C50,M50=E50,O50=C50,O50=E50,MIN(ABS(Q50-C50),ABS(360-Q50+E50))<=45),0.5,IF(OR(IF(ISNUMBER(K50),OR(MIN(ABS(K50-C50),ABS(360-K50+C50))<=45,MIN(ABS(K50-E50),ABS(360-K50+E50))<=45),FALSE),IF(ISNUMBER(M50),OR(MIN(ABS(M50-C50),ABS(360-M50+C50))<=45,MIN(ABS(M50-E50),ABS(360-M50+E50))<=45),FALSE),IF(ISNUMBER(O50),OR(MIN(ABS(O50-C50),ABS(360-O50+C50))<=45,MIN(ABS(O50-E50),ABS(360-O50+E50))<=45),FALSE),MIN(ABS(Q50-C50),ABS(360-Q50+C50))<=90,MIN(ABS(Q50-E50),ABS(360-Q50+E50))<=90),0.25,0)))+IF(OR(R50="",D50="",F50=""),0.5,IF(AND(R50>=D50,R50<=F50),0.5,IF(AND(R50>=(D50-5),R50<=(F50+5)),0.25,0))) -> 1 | T50: =IF(OR(G50="",I50="",Q50="",G50=1080,I50=1080,Q50=1080),0.5,IF(OR(K50=G50,K50=I50,M50=G50,M50=I50,O50=G50,O50=I50,MIN(ABS(Q50-G50),ABS(360-Q50+I50))<=45),0.5,IF(OR(IF(ISNUMBER(K50),OR(MIN(ABS(K50-G50),ABS(360-K50+G50))<=45,MIN(ABS(K50-I50),ABS(360-K50+I50))<=45),FALSE),IF(ISNUMBER(M50),OR(MIN(ABS(M50-G50),ABS(360-M50+G50))<=45,MIN(ABS(M50-I50),ABS(360-M50+I50))<=45),FALSE),IF(ISNUMBER(O50),OR(MIN(ABS(O50-G50),ABS(360-O50+G50))<=45,MIN(ABS(O50-I50),ABS(360-O50+I50))<=45),FALSE),MIN(ABS(Q50-G50),ABS(360-Q50+G50))<=90,MIN(ABS(Q50-I50),ABS(360-Q50+I50))<=90),0.25,0)))+IF(OR(R50="",H50="",J50=""),0.5,IF(AND(R50>=H50,R50<=J50),0.5,IF(AND(R50>=(H50-5),R50<=(J50+5)),0.25,0))) -> 1
B51: =B50+1 -> 6 | G51: =IF(ISBLANK(Data!M48),"",Data!M48) | H51: =IF(ISBLANK(Data!N48),"",IF(Data!N48=2,0,Data!N48)) | I51: =IF(ISBLANK(Data!O48),"",Data!O48) | J51: =IF(ISBLANK(Data!P48),"",Data!P48) | K51: =IF(ISBLANK(Data!AB88),"",Data!AB88) | L51: =IF(ISBLANK(Data!AC88),"",Data!AC88) | M51: =IF(ISBLANK(Data!AD88),"",Data!AD88) | N51: =IF(ISBLANK(Data!AE88),"",Data!AE88) | O51: =IF(ISBLANK(Data!AF88),"",Data!AF88) | P51: =IF(ISBLANK(Data!AG88),"",Data!AG88) | Q51: =IF(Data!I11="","",IF(Data!I11=0,1080,Data!I11)) | R51: =IF(ISBLANK(Data!J11),"",Data!J11) | S51: =IF(OR(C51="",E51="",Q51="",C51=1080,E51=1080,Q51=1080),0.5,IF(OR(K51=C51,K51=E51,M51=C51,M51=E51,O51=C51,O51=E51,MIN(ABS(Q51-C51),ABS(360-Q51+E51))<=45),0.5,IF(OR(IF(ISNUMBER(K51),OR(MIN(ABS(K51-C51),ABS(360-K51+C51))<=45,MIN(ABS(K51-E51),ABS(360-K51+E51))<=45),FALSE),IF(ISNUMBER(M51),OR(MIN(ABS(M51-C51),ABS(360-M51+C51))<=45,MIN(ABS(M51-E51),ABS(360-M51+E51))<=45),FALSE),IF(ISNUMBER(O51),OR(MIN(ABS(O51-C51),ABS(360-O51+C51))<=45,MIN(ABS(O51-E51),ABS(360-O51+E51))<=45),FALSE),MIN(ABS(Q51-C51),ABS(360-Q51+C51))<=90,MIN(ABS(Q51-E51),ABS(360-Q51+E51))<=90),0.25,0)))+IF(OR(R51="",D51="",F51=""),0.5,IF(AND(R51>=D51,R51<=F51),0.5,IF(AND(R51>=(D51-5),R51<=(F51+5)),0.25,0))) -> 1 | T51: =IF(OR(G51="",I51="",Q51="",G51=1080,I51=1080,Q51=1080),0.5,IF(OR(K51=G51,K51=I51,M51=G51,M51=I51,O51=G51,O51=I51,MIN(ABS(Q51-G51),ABS(360-Q51+I51))<=45),0.5,IF(OR(IF(ISNUMBER(K51),OR(MIN(ABS(K51-G51),ABS(360-K51+G51))<=45,MIN(ABS(K51-I51),ABS(360-K51+I51))<=45),FALSE),IF(ISNUMBER(M51),OR(MIN(ABS(M51-G51),ABS(360-M51+G51))<=45,MIN(ABS(M51-I51),ABS(360-M51+I51))<=45),FALSE),IF(ISNUMBER(O51),OR(MIN(ABS(O51-G51),ABS(360-O51+G51))<=45,MIN(ABS(O51-I51),ABS(360-O51+I51))<=45),FALSE),MIN(ABS(Q51-G51),ABS(360-Q51+G51))<=90,MIN(ABS(Q51-I51),ABS(360-Q51+I51))<=90),0.25,0)))+IF(OR(R51="",H51="",J51=""),0.5,IF(AND(R51>=H51,R51<=J51),0.5,IF(AND(R51>=(H51-5),R51<=(J51+5)),0.25,0))) -> 1
B52: =B51+1 -> 7 | G52: =IF(ISBLANK(Data!M49),"",Data!M49) | H52: =IF(ISBLANK(Data!N49),"",IF(Data!N49=2,0,Data!N49)) | I52: =IF(ISBLANK(Data!O49),"",Data!O49) | J52: =IF(ISBLANK(Data!P49),"",Data!P49) | K52: =IF(ISBLANK(Data!AB89),"",Data!AB89) | L52: =IF(ISBLANK(Data!AC89),"",Data!AC89) | M52: =IF(ISBLANK(Data!AD89),"",Data!AD89) | N52: =IF(ISBLANK(Data!AE89),"",Data!AE89) | O52: =IF(ISBLANK(Data!AF89),"",Data!AF89) | P52: =IF(ISBLANK(Data!AG89),"",Data!AG89) | Q52: =IF(Data!I12="","",IF(Data!I12=0,1080,Data!I12)) | R52: =IF(ISBLANK(Data!J12),"",Data!J12) | S52: =IF(OR(C52="",E52="",Q52="",C52=1080,E52=1080,Q52=1080),0.5,IF(OR(K52=C52,K52=E52,M52=C52,M52=E52,O52=C52,O52=E52,MIN(ABS(Q52-C52),ABS(360-Q52+E52))<=45),0.5,IF(OR(IF(ISNUMBER(K52),OR(MIN(ABS(K52-C52),ABS(360-K52+C52))<=45,MIN(ABS(K52-E52),ABS(360-K52+E52))<=45),FALSE),IF(ISNUMBER(M52),OR(MIN(ABS(M52-C52),ABS(360-M52+C52))<=45,MIN(ABS(M52-E52),ABS(360-M52+E52))<=45),FALSE),IF(ISNUMBER(O52),OR(MIN(ABS(O52-C52),ABS(360-O52+C52))<=45,MIN(ABS(O52-E52),ABS(360-O52+E52))<=45),FALSE),MIN(ABS(Q52-C52),ABS(360-Q52+C52))<=90,MIN(ABS(Q52-E52),ABS(360-Q52+E52))<=90),0.25,0)))+IF(OR(R52="",D52="",F52=""),0.5,IF(AND(R52>=D52,R52<=F52),0.5,IF(AND(R52>=(D52-5),R52<=(F52+5)),0.25,0))) -> 1 | T52: =IF(OR(G52="",I52="",Q52="",G52=1080,I52=1080,Q52=1080),0.5,IF(OR(K52=G52,K52=I52,M52=G52,M52=I52,O52=G52,O52=I52,MIN(ABS(Q52-G52),ABS(360-Q52+I52))<=45),0.5,IF(OR(IF(ISNUMBER(K52),OR(MIN(ABS(K52-G52),ABS(360-K52+G52))<=45,MIN(ABS(K52-I52),ABS(360-K52+I52))<=45),FALSE),IF(ISNUMBER(M52),OR(MIN(ABS(M52-G52),ABS(360-M52+G52))<=45,MIN(ABS(M52-I52),ABS(360-M52+I52))<=45),FALSE),IF(ISNUMBER(O52),OR(MIN(ABS(O52-G52),ABS(360-O52+G52))<=45,MIN(ABS(O52-I52),ABS(360-O52+I52))<=45),FALSE),MIN(ABS(Q52-G52),ABS(360-Q52+G52))<=90,MIN(ABS(Q52-I52),ABS(360-Q52+I52))<=90),0.25,0)))+IF(OR(R52="",H52="",J52=""),0.5,IF(AND(R52>=H52,R52<=J52),0.5,IF(AND(R52>=(H52-5),R52<=(J52+5)),0.25,0))) -> 1
B53: =B52+1 -> 8 | G53: =IF(ISBLANK(Data!M50),"",Data!M50) | H53: =IF(ISBLANK(Data!N50),"",IF(Data!N50=2,0,Data!N50)) | I53: =IF(ISBLANK(Data!O50),"",Data!O50) | J53: =IF(ISBLANK(Data!P50),"",Data!P50) | K53: =IF(ISBLANK(Data!AB90),"",Data!AB90) | L53: =IF(ISBLANK(Data!AC90),"",Data!AC90) | M53: =IF(ISBLANK(Data!AD90),"",Data!AD90) | N53: =IF(ISBLANK(Data!AE90),"",Data!AE90) | O53: =IF(ISBLANK(Data!AF90),"",Data!AF90) | P53: =IF(ISBLANK(Data!AG90),"",Data!AG90) | Q53: =IF(Data!I13="","",IF(Data!I13=0,1080,Data!I13)) | R53: =IF(ISBLANK(Data!J13),"",Data!J13) | S53: =IF(OR(C53="",E53="",Q53="",C53=1080,E53=1080,Q53=1080),0.5,IF(OR(K53=C53,K53=E53,M53=C53,M53=E53,O53=C53,O53=E53,MIN(ABS(Q53-C53),ABS(360-Q53+E53))<=45),0.5,IF(OR(IF(ISNUMBER(K53),OR(MIN(ABS(K53-C53),ABS(360-K53+C53))<=45,MIN(ABS(K53-E53),ABS(360-K53+E53))<=45),FALSE),IF(ISNUMBER(M53),OR(MIN(ABS(M53-C53),ABS(360-M53+C53))<=45,MIN(ABS(M53-E53),ABS(360-M53+E53))<=45),FALSE),IF(ISNUMBER(O53),OR(MIN(ABS(O53-C53),ABS(360-O53+C53))<=45,MIN(ABS(O53-E53),ABS(360-O53+E53))<=45),FALSE),MIN(ABS(Q53-C53),ABS(360-Q53+C53))<=90,MIN(ABS(Q53-E53),ABS(360-Q53+E53))<=90),0.25,0)))+IF(OR(R53="",D53="",F53=""),0.5,IF(AND(R53>=D53,R53<=F53),0.5,IF(AND(R53>=(D53-5),R53<=(F53+5)),0.25,0))) -> 1 | T53: =IF(OR(G53="",I53="",Q53="",G53=1080,I53=1080,Q53=1080),0.5,IF(OR(K53=G53,K53=I53,M53=G53,M53=I53,O53=G53,O53=I53,MIN(ABS(Q53-G53),ABS(360-Q53+I53))<=45),0.5,IF(OR(IF(ISNUMBER(K53),OR(MIN(ABS(K53-G53),ABS(360-K53+G53))<=45,MIN(ABS(K53-I53),ABS(360-K53+I53))<=45),FALSE),IF(ISNUMBER(M53),OR(MIN(ABS(M53-G53),ABS(360-M53+G53))<=45,MIN(ABS(M53-I53),ABS(360-M53+I53))<=45),FALSE),IF(ISNUMBER(O53),OR(MIN(ABS(O53-G53),ABS(360-O53+G53))<=45,MIN(ABS(O53-I53),ABS(360-O53+I53))<=45),FALSE),MIN(ABS(Q53-G53),ABS(360-Q53+G53))<=90,MIN(ABS(Q53-I53),ABS(360-Q53+I53))<=90),0.25,0)))+IF(OR(R53="",H53="",J53=""),0.5,IF(AND(R53>=H53,R53<=J53),0.5,IF(AND(R53>=(H53-5),R53<=(J53+5)),0.25,0))) -> 1
B54: =B53+1 -> 9 | G54: =IF(ISBLANK(Data!M51),"",Data!M51) | H54: =IF(ISBLANK(Data!N51),"",IF(Data!N51=2,0,Data!N51)) | I54: =IF(ISBLANK(Data!O51),"",Data!O51) | J54: =IF(ISBLANK(Data!P51),"",Data!P51) | K54: =IF(ISBLANK(Data!AB91),"",Data!AB91) | L54: =IF(ISBLANK(Data!AC91),"",Data!AC91) | M54: =IF(ISBLANK(Data!AD91),"",Data!AD91) | N54: =IF(ISBLANK(Data!AE91),"",Data!AE91) | O54: =IF(ISBLANK(Data!AF91),"",Data!AF91) | P54: =IF(ISBLANK(Data!AG91),"",Data!AG91) | Q54: =IF(Data!I14="","",IF(Data!I14=0,1080,Data!I14)) | R54: =IF(ISBLANK(Data!J14),"",Data!J14) | S54: =IF(OR(C54="",E54="",Q54="",C54=1080,E54=1080,Q54=1080),0.5,IF(OR(K54=C54,K54=E54,M54=C54,M54=E54,O54=C54,O54=E54,MIN(ABS(Q54-C54),ABS(360-Q54+E54))<=45),0.5,IF(OR(IF(ISNUMBER(K54),OR(MIN(ABS(K54-C54),ABS(360-K54+C54))<=45,MIN(ABS(K54-E54),ABS(360-K54+E54))<=45),FALSE),IF(ISNUMBER(M54),OR(MIN(ABS(M54-C54),ABS(360-M54+C54))<=45,MIN(ABS(M54-E54),ABS(360-M54+E54))<=45),FALSE),IF(ISNUMBER(O54),OR(MIN(ABS(O54-C54),ABS(360-O54+C54))<=45,MIN(ABS(O54-E54),ABS(360-O54+E54))<=45),FALSE),MIN(ABS(Q54-C54),ABS(360-Q54+C54))<=90,MIN(ABS(Q54-E54),ABS(360-Q54+E54))<=90),0.25,0)))+IF(OR(R54="",D54="",F54=""),0.5,IF(AND(R54>=D54,R54<=F54),0.5,IF(AND(R54>=(D54-5),R54<=(F54+5)),0.25,0))) -> 1 | T54: =IF(OR(G54="",I54="",Q54="",G54=1080,I54=1080,Q54=1080),0.5,IF(OR(K54=G54,K54=I54,M54=G54,M54=I54,O54=G54,O54=I54,MIN(ABS(Q54-G54),ABS(360-Q54+I54))<=45),0.5,IF(OR(IF(ISNUMBER(K54),OR(MIN(ABS(K54-G54),ABS(360-K54+G54))<=45,MIN(ABS(K54-I54),ABS(360-K54+I54))<=45),FALSE),IF(ISNUMBER(M54),OR(MIN(ABS(M54-G54),ABS(360-M54+G54))<=45,MIN(ABS(M54-I54),ABS(360-M54+I54))<=45),FALSE),IF(ISNUMBER(O54),OR(MIN(ABS(O54-G54),ABS(360-O54+G54))<=45,MIN(ABS(O54-I54),ABS(360-O54+I54))<=45),FALSE),MIN(ABS(Q54-G54),ABS(360-Q54+G54))<=90,MIN(ABS(Q54-I54),ABS(360-Q54+I54))<=90),0.25,0)))+IF(OR(R54="",H54="",J54=""),0.5,IF(AND(R54>=H54,R54<=J54),0.5,IF(AND(R54>=(H54-5),R54<=(J54+5)),0.25,0))) -> 1
B55: =B54+1 -> 10 | G55: =IF(ISBLANK(Data!M52),"",Data!M52) | H55: =IF(ISBLANK(Data!N52),"",IF(Data!N52=2,0,Data!N52)) | I55: =IF(ISBLANK(Data!O52),"",Data!O52) | J55: =IF(ISBLANK(Data!P52),"",Data!P52) | K55: =IF(ISBLANK(Data!AB92),"",Data!AB92) | L55: =IF(ISBLANK(Data!AC92),"",Data!AC92) | M55: =IF(ISBLANK(Data!AD92),"",Data!AD92) | N55: =IF(ISBLANK(Data!AE92),"",Data!AE92) | O55: =IF(ISBLANK(Data!AF92),"",Data!AF92) | P55: =IF(ISBLANK(Data!AG92),"",Data!AG92) | Q55: =IF(Data!I15="","",IF(Data!I15=0,1080,Data!I15)) | R55: =IF(ISBLANK(Data!J15),"",Data!J15) | S55: =IF(OR(C55="",E55="",Q55="",C55=1080,E55=1080,Q55=1080),0.5,IF(OR(K55=C55,K55=E55,M55=C55,M55=E55,O55=C55,O55=E55,MIN(ABS(Q55-C55),ABS(360-Q55+E55))<=45),0.5,IF(OR(IF(ISNUMBER(K55),OR(MIN(ABS(K55-C55),ABS(360-K55+C55))<=45,MIN(ABS(K55-E55),ABS(360-K55+E55))<=45),FALSE),IF(ISNUMBER(M55),OR(MIN(ABS(M55-C55),ABS(360-M55+C55))<=45,MIN(ABS(M55-E55),ABS(360-M55+E55))<=45),FALSE),IF(ISNUMBER(O55),OR(MIN(ABS(O55-C55),ABS(360-O55+C55))<=45,MIN(ABS(O55-E55),ABS(360-O55+E55))<=45),FALSE),MIN(ABS(Q55-C55),ABS(360-Q55+C55))<=90,MIN(ABS(Q55-E55),ABS(360-Q55+E55))<=90),0.25,0)))+IF(OR(R55="",D55="",F55=""),0.5,IF(AND(R55>=D55,R55<=F55),0.5,IF(AND(R55>=(D55-5),R55<=(F55+5)),0.25,0))) -> 1 | T55: =IF(OR(G55="",I55="",Q55="",G55=1080,I55=1080,Q55=1080),0.5,IF(OR(K55=G55,K55=I55,M55=G55,M55=I55,O55=G55,O55=I55,MIN(ABS(Q55-G55),ABS(360-Q55+I55))<=45),0.5,IF(OR(IF(ISNUMBER(K55),OR(MIN(ABS(K55-G55),ABS(360-K55+G55))<=45,MIN(ABS(K55-I55),ABS(360-K55+I55))<=45),FALSE),IF(ISNUMBER(M55),OR(MIN(ABS(M55-G55),ABS(360-M55+G55))<=45,MIN(ABS(M55-I55),ABS(360-M55+I55))<=45),FALSE),IF(ISNUMBER(O55),OR(MIN(ABS(O55-G55),ABS(360-O55+G55))<=45,MIN(ABS(O55-I55),ABS(360-O55+I55))<=45),FALSE),MIN(ABS(Q55-G55),ABS(360-Q55+G55))<=90,MIN(ABS(Q55-I55),ABS(360-Q55+I55))<=90),0.25,0)))+IF(OR(R55="",H55="",J55=""),0.5,IF(AND(R55>=H55,R55<=J55),0.5,IF(AND(R55>=(H55-5),R55<=(J55+5)),0.25,0))) -> 1
B56: =B55+1 -> 11 | G56: =IF(ISBLANK(Data!M53),"",Data!M53) | H56: =IF(ISBLANK(Data!N53),"",IF(Data!N53=2,0,Data!N53)) | I56: =IF(ISBLANK(Data!O53),"",Data!O53) | J56: =IF(ISBLANK(Data!P53),"",Data!P53) | K56: =IF(ISBLANK(Data!AB93),"",Data!AB93) | L56: =IF(ISBLANK(Data!AC93),"",Data!AC93) | M56: =IF(ISBLANK(Data!AD93),"",Data!AD93) | N56: =IF(ISBLANK(Data!AE93),"",Data!AE93) | O56: =IF(ISBLANK(Data!AF93),"",Data!AF93) | P56: =IF(ISBLANK(Data!AG93),"",Data!AG93) | Q56: =IF(Data!I16="","",IF(Data!I16=0,1080,Data!I16)) | R56: =IF(ISBLANK(Data!J16),"",Data!J16) | S56: =IF(OR(C56="",E56="",Q56="",C56=1080,E56=1080,Q56=1080),0.5,IF(OR(K56=C56,K56=E56,M56=C56,M56=E56,O56=C56,O56=E56,MIN(ABS(Q56-C56),ABS(360-Q56+E56))<=45),0.5,IF(OR(IF(ISNUMBER(K56),OR(MIN(ABS(K56-C56),ABS(360-K56+C56))<=45,MIN(ABS(K56-E56),ABS(360-K56+E56))<=45),FALSE),IF(ISNUMBER(M56),OR(MIN(ABS(M56-C56),ABS(360-M56+C56))<=45,MIN(ABS(M56-E56),ABS(360-M56+E56))<=45),FALSE),IF(ISNUMBER(O56),OR(MIN(ABS(O56-C56),ABS(360-O56+C56))<=45,MIN(ABS(O56-E56),ABS(360-O56+E56))<=45),FALSE),MIN(ABS(Q56-C56),ABS(360-Q56+C56))<=90,MIN(ABS(Q56-E56),ABS(360-Q56+E56))<=90),0.25,0)))+IF(OR(R56="",D56="",F56=""),0.5,IF(AND(R56>=D56,R56<=F56),0.5,IF(AND(R56>=(D56-5),R56<=(F56+5)),0.25,0))) -> 1 | T56: =IF(OR(G56="",I56="",Q56="",G56=1080,I56=1080,Q56=1080),0.5,IF(OR(K56=G56,K56=I56,M56=G56,M56=I56,O56=G56,O56=I56,MIN(ABS(Q56-G56),ABS(360-Q56+I56))<=45),0.5,IF(OR(IF(ISNUMBER(K56),OR(MIN(ABS(K56-G56),ABS(360-K56+G56))<=45,MIN(ABS(K56-I56),ABS(360-K56+I56))<=45),FALSE),IF(ISNUMBER(M56),OR(MIN(ABS(M56-G56),ABS(360-M56+G56))<=45,MIN(ABS(M56-I56),ABS(360-M56+I56))<=45),FALSE),IF(ISNUMBER(O56),OR(MIN(ABS(O56-G56),ABS(360-O56+G56))<=45,MIN(ABS(O56-I56),ABS(360-O56+I56))<=45),FALSE),MIN(ABS(Q56-G56),ABS(360-Q56+G56))<=90,MIN(ABS(Q56-I56),ABS(360-Q56+I56))<=90),0.25,0)))+IF(OR(R56="",H56="",J56=""),0.5,IF(AND(R56>=H56,R56<=J56),0.5,IF(AND(R56>=(H56-5),R56<=(J56+5)),0.25,0))) -> 1
B57: =B56+1 -> 12 | G57: =IF(ISBLANK(Data!M54),"",Data!M54) | H57: =IF(ISBLANK(Data!N54),"",IF(Data!N54=2,0,Data!N54)) | I57: =IF(ISBLANK(Data!O54),"",Data!O54) | J57: =IF(ISBLANK(Data!P54),"",Data!P54) | K57: =IF(ISBLANK(Data!AB94),"",Data!AB94) | L57: =IF(ISBLANK(Data!AC94),"",Data!AC94) | M57: =IF(ISBLANK(Data!AD94),"",Data!AD94) | N57: =IF(ISBLANK(Data!AE94),"",Data!AE94) | O57: =IF(ISBLANK(Data!AF94),"",Data!AF94) | P57: =IF(ISBLANK(Data!AG94),"",Data!AG94) | Q57: =IF(Data!I17="","",IF(Data!I17=0,1080,Data!I17)) | R57: =IF(ISBLANK(Data!J17),"",Data!J17) | S57: =IF(OR(C57="",E57="",Q57="",C57=1080,E57=1080,Q57=1080),0.5,IF(OR(K57=C57,K57=E57,M57=C57,M57=E57,O57=C57,O57=E57,MIN(ABS(Q57-C57),ABS(360-Q57+E57))<=45),0.5,IF(OR(IF(ISNUMBER(K57),OR(MIN(ABS(K57-C57),ABS(360-K57+C57))<=45,MIN(ABS(K57-E57),ABS(360-K57+E57))<=45),FALSE),IF(ISNUMBER(M57),OR(MIN(ABS(M57-C57),ABS(360-M57+C57))<=45,MIN(ABS(M57-E57),ABS(360-M57+E57))<=45),FALSE),IF(ISNUMBER(O57),OR(MIN(ABS(O57-C57),ABS(360-O57+C57))<=45,MIN(ABS(O57-E57),ABS(360-O57+E57))<=45),FALSE),MIN(ABS(Q57-C57),ABS(360-Q57+C57))<=90,MIN(ABS(Q57-E57),ABS(360-Q57+E57))<=90),0.25,0)))+IF(OR(R57="",D57="",F57=""),0.5,IF(AND(R57>=D57,R57<=F57),0.5,IF(AND(R57>=(D57-5),R57<=(F57+5)),0.25,0))) -> 1 | T57: =IF(OR(G57="",I57="",Q57="",G57=1080,I57=1080,Q57=1080),0.5,IF(OR(K57=G57,K57=I57,M57=G57,M57=I57,O57=G57,O57=I57,MIN(ABS(Q57-G57),ABS(360-Q57+I57))<=45),0.5,IF(OR(IF(ISNUMBER(K57),OR(MIN(ABS(K57-G57),ABS(360-K57+G57))<=45,MIN(ABS(K57-I57),ABS(360-K57+I57))<=45),FALSE),IF(ISNUMBER(M57),OR(MIN(ABS(M57-G57),ABS(360-M57+G57))<=45,MIN(ABS(M57-I57),ABS(360-M57+I57))<=45),FALSE),IF(ISNUMBER(O57),OR(MIN(ABS(O57-G57),ABS(360-O57+G57))<=45,MIN(ABS(O57-I57),ABS(360-O57+I57))<=45),FALSE),MIN(ABS(Q57-G57),ABS(360-Q57+G57))<=90,MIN(ABS(Q57-I57),ABS(360-Q57+I57))<=90),0.25,0)))+IF(OR(R57="",H57="",J57=""),0.5,IF(AND(R57>=H57,R57<=J57),0.5,IF(AND(R57>=(H57-5),R57<=(J57+5)),0.25,0))) -> 1
B58: =B57+1 -> 13 | G58: =IF(ISBLANK(Data!M55),"",Data!M55) | H58: =IF(ISBLANK(Data!N55),"",IF(Data!N55=2,0,Data!N55)) | I58: =IF(ISBLANK(Data!O55),"",Data!O55) | J58: =IF(ISBLANK(Data!P55),"",Data!P55) | K58: =IF(ISBLANK(Data!AB95),"",Data!AB95) | L58: =IF(ISBLANK(Data!AC95),"",Data!AC95) | M58: =IF(ISBLANK(Data!AD95),"",Data!AD95) | N58: =IF(ISBLANK(Data!AE95),"",Data!AE95) | O58: =IF(ISBLANK(Data!AF95),"",Data!AF95) | P58: =IF(ISBLANK(Data!AG95),"",Data!AG95) | Q58: =IF(Data!I18="","",IF(Data!I18=0,1080,Data!I18)) | R58: =IF(ISBLANK(Data!J18),"",Data!J18) | S58: =IF(OR(C58="",E58="",Q58="",C58=1080,E58=1080,Q58=1080),0.5,IF(OR(K58=C58,K58=E58,M58=C58,M58=E58,O58=C58,O58=E58,MIN(ABS(Q58-C58),ABS(360-Q58+E58))<=45),0.5,IF(OR(IF(ISNUMBER(K58),OR(MIN(ABS(K58-C58),ABS(360-K58+C58))<=45,MIN(ABS(K58-E58),ABS(360-K58+E58))<=45),FALSE),IF(ISNUMBER(M58),OR(MIN(ABS(M58-C58),ABS(360-M58+C58))<=45,MIN(ABS(M58-E58),ABS(360-M58+E58))<=45),FALSE),IF(ISNUMBER(O58),OR(MIN(ABS(O58-C58),ABS(360-O58+C58))<=45,MIN(ABS(O58-E58),ABS(360-O58+E58))<=45),FALSE),MIN(ABS(Q58-C58),ABS(360-Q58+C58))<=90,MIN(ABS(Q58-E58),ABS(360-Q58+E58))<=90),0.25,0)))+IF(OR(R58="",D58="",F58=""),0.5,IF(AND(R58>=D58,R58<=F58),0.5,IF(AND(R58>=(D58-5),R58<=(F58+5)),0.25,0))) -> 1 | T58: =IF(OR(G58="",I58="",Q58="",G58=1080,I58=1080,Q58=1080),0.5,IF(OR(K58=G58,K58=I58,M58=G58,M58=I58,O58=G58,O58=I58,MIN(ABS(Q58-G58),ABS(360-Q58+I58))<=45),0.5,IF(OR(IF(ISNUMBER(K58),OR(MIN(ABS(K58-G58),ABS(360-K58+G58))<=45,MIN(ABS(K58-I58),ABS(360-K58+I58))<=45),FALSE),IF(ISNUMBER(M58),OR(MIN(ABS(M58-G58),ABS(360-M58+G58))<=45,MIN(ABS(M58-I58),ABS(360-M58+I58))<=45),FALSE),IF(ISNUMBER(O58),OR(MIN(ABS(O58-G58),ABS(360-O58+G58))<=45,MIN(ABS(O58-I58),ABS(360-O58+I58))<=45),FALSE),MIN(ABS(Q58-G58),ABS(360-Q58+G58))<=90,MIN(ABS(Q58-I58),ABS(360-Q58+I58))<=90),0.25,0)))+IF(OR(R58="",H58="",J58=""),0.5,IF(AND(R58>=H58,R58<=J58),0.5,IF(AND(R58>=(H58-5),R58<=(J58+5)),0.25,0))) -> 1
... B76: =B75+1 -> 31 | G76: =IF(ISBLANK(Data!M73),"",Data!M73) | H76: =IF(ISBLANK(Data!N73),"",IF(Data!N73=2,0,Data!N73)) | I76: =IF(ISBLANK(Data!O73),"",Data!O73) | J76: =IF(ISBLANK(Data!P73),"",Data!P73) | K76: =IF(ISBLANK(Data!AB113),"",Data!AB113) | L76: =IF(ISBLANK(Data!AC113),"",Data!AC113) | M76: =IF(ISBLANK(Data!AD113),"",Data!AD113) | N76: =IF(ISBLANK(Data!AE113),"",Data!AE113) | O76: =IF(ISBLANK(Data!AF113),"",Data!AF113) | P76: =IF(ISBLANK(Data!AG113),"",Data!AG113) | Q76: =IF(Data!I36="","",IF(Data!I36=0,1080,Data!I36)) | R76: =IF(ISBLANK(Data!J36),"",Data!J36) | S76: =IF(OR(C76="",E76="",Q76="",C76=1080,E76=1080,Q76=1080),0.5,IF(OR(K76=C76,K76=E76,M76=C76,M76=E76,O76=C76,O76=E76,MIN(ABS(Q76-C76),ABS(360-Q76+E76))<=45),0.5,IF(OR(IF(ISNUMBER(K76),OR(MIN(ABS(K76-C76),ABS(360-K76+C76))<=45,MIN(ABS(K76-E76),ABS(360-K76+E76))<=45),FALSE),IF(ISNUMBER(M76),OR(MIN(ABS(M76-C76),ABS(360-M76+C76))<=45,MIN(ABS(M76-E76),ABS(360-M76+E76))<=45),FALSE),IF(ISNUMBER(O76),OR(MIN(ABS(O76-C76),ABS(360-O76+C76))<=45,MIN(ABS(O76-E76),ABS(360-O76+E76))<=45),FALSE),MIN(ABS(Q76-C76),ABS(360-Q76+C76))<=90,MIN(ABS(Q76-E76),ABS(360-Q76+E76))<=90),0.25,0)))+IF(OR(R76="",D76="",F76=""),0.5,IF(AND(R76>=D76,R76<=F76),0.5,IF(AND(R76>=(D76-5),R76<=(F76+5)),0.25,0))) -> 1 | T76: =IF(OR(G76="",I76="",Q76="",G76=1080,I76=1080,Q76=1080),0.5,IF(OR(K76=G76,K76=I76,M76=G76,M76=I76,O76=G76,O76=I76,MIN(ABS(Q76-G76),ABS(360-Q76+I76))<=45),0.5,IF(OR(IF(ISNUMBER(K76),OR(MIN(ABS(K76-G76),ABS(360-K76+G76))<=45,MIN(ABS(K76-I76),ABS(360-K76+I76))<=45),FALSE),IF(ISNUMBER(M76),OR(MIN(ABS(M76-G76),ABS(360-M76+G76))<=45,MIN(ABS(M76-I76),ABS(360-M76+I76))<=45),FALSE),IF(ISNUMBER(O76),OR(MIN(ABS(O76-G76),ABS(360-O76+G76))<=45,MIN(ABS(O76-I76),ABS(360-O76+I76))<=45),FALSE),MIN(ABS(Q76-G76),ABS(360-Q76+G76))<=90,MIN(ABS(Q76-I76),ABS(360-Q76+I76))<=90),0.25,0)))+IF(OR(R76="",H76="",J76=""),0.5,IF(AND(R76>=H76,R76<=J76),0.5,IF(AND(R76>=(H76-5),R76<=(J76+5)),0.25,0))) -> 1
B79: Date | C79: 12h-14h
C80: Prévu 12-24 | G80: Prévu 36-48 | K80: Observé
C81: DD1 | D81: ff | E81: DD2 | F81: FF | G81: DD1 | H81: ff | I81: DD2 | J81: FF | K81: 12h | M81: 13h | O81: 14h | Q81: Moyenne | S81: Score 24 | T81: Score 48
K82: DD | L82: ff | M82: DD | N82: ff | O82: DD | P82: ff | Q82: DD | R82: FF
B83: 1 | C83: =IF(ISBLANK(Data!I44),"",Data!I44) | D83: =IF(ISBLANK(Data!J44),"",IF(Data!J44=2,0,Data!J44)) | E83: =IF(ISBLANK(Data!K44),"",Data!K44) | F83: =IF(ISBLANK(Data!L44),"",Data!L44) | G83: =IF(ISBLANK(Data!Q43),"",Data!Q43) | H83: =IF(ISBLANK(Data!R43),"",IF(Data!R43=2,0,Data!R43)) | I83: =IF(ISBLANK(Data!S43),"",Data!S43) | J83: =IF(ISBLANK(Data!T43),"",Data!T43) | K83: =IF(ISBLANK(Data!AH83),"",Data!AH83) | L83: =IF(ISBLANK(Data!AI83),"",Data!AI83) | M83: =IF(ISBLANK(Data!AJ83),"",Data!AJ83) | N83: =IF(ISBLANK(Data!AK83),"",Data!AK83) | O83: =IF(ISBLANK(Data!AL83),"",Data!AL83) | P83: =IF(ISBLANK(Data!AM83),"",Data!AM83) | Q83: =IF(Data!K6="","",IF(Data!K6=0,1080,Data!K6)) | R83: =IF(ISBLANK(Data!L6),"",Data!L6) | S83: =IF(OR(C83="",E83="",Q83="",C83=1080,E83=1080,Q83=1080),0.5,IF(OR(K83=C83,K83=E83,M83=C83,M83=E83,O83=C83,O83=E83,MIN(ABS(Q83-C83),ABS(360-Q83+E83))<=45),0.5,IF(OR(IF(ISNUMBER(K83),OR(MIN(ABS(K83-C83),ABS(360-K83+C83))<=45,MIN(ABS(K83-E83),ABS(360-K83+E83))<=45),FALSE),IF(ISNUMBER(M83),OR(MIN(ABS(M83-C83),ABS(360-M83+C83))<=45,MIN(ABS(M83-E83),ABS(360-M83+E83))<=45),FALSE),IF(ISNUMBER(O83),OR(MIN(ABS(O83-C83),ABS(360-O83+C83))<=45,MIN(ABS(O83-E83),ABS(360-O83+E83))<=45),FALSE),MIN(ABS(Q83-C83),ABS(360-Q83+C83))<=90,MIN(ABS(Q83-E83),ABS(360-Q83+E83))<=90),0.25,0)))+IF(OR(R83="",D83="",F83=""),0.5,IF(AND(R83>=D83,R83<=F83),0.5,IF(AND(R83>=(D83-5),R83<=(F83+5)),0.25,0))) -> 1 | T83: =IF(OR(G83="",I83="",Q83="",G83=1080,I83=1080,Q83=1080),0.5,IF(OR(K83=G83,K83=I83,M83=G83,M83=I83,O83=G83,O83=I83,MIN(ABS(Q83-G83),ABS(360-Q83+I83))<=45),0.5,IF(OR(IF(ISNUMBER(K83),OR(MIN(ABS(K83-G83),ABS(360-K83+G83))<=45,MIN(ABS(K83-I83),ABS(360-K83+I83))<=45),FALSE),IF(ISNUMBER(M83),OR(MIN(ABS(M83-G83),ABS(360-M83+G83))<=45,MIN(ABS(M83-I83),ABS(360-M83+I83))<=45),FALSE),IF(ISNUMBER(O83),OR(MIN(ABS(O83-G83),ABS(360-O83+G83))<=45,MIN(ABS(O83-I83),ABS(360-O83+I83))<=45),FALSE),MIN(ABS(Q83-G83),ABS(360-Q83+G83))<=90,MIN(ABS(Q83-I83),ABS(360-Q83+I83))<=90),0.25,0)))+IF(OR(R83="",H83="",J83=""),0.5,IF(AND(R83>=H83,R83<=J83),0.5,IF(AND(R83>=(H83-5),R83<=(J83+5)),0.25,0))) -> 1
B84: =B83+1 -> 2 | C84: =IF(ISBLANK(Data!I45),"",Data!I45) | D84: =IF(ISBLANK(Data!J45),"",IF(Data!J45=2,0,Data!J45)) | E84: =IF(ISBLANK(Data!K45),"",Data!K45) | F84: =IF(ISBLANK(Data!L45),"",Data!L45) | G84: =IF(ISBLANK(Data!Q44),"",Data!Q44) | H84: =IF(ISBLANK(Data!R44),"",IF(Data!R44=2,0,Data!R44)) | I84: =IF(ISBLANK(Data!S44),"",Data!S44) | J84: =IF(ISBLANK(Data!T44),"",Data!T44) | K84: =IF(ISBLANK(Data!AH84),"",Data!AH84) | L84: =IF(ISBLANK(Data!AI84),"",Data!AI84) | M84: =IF(ISBLANK(Data!AJ84),"",Data!AJ84) | N84: =IF(ISBLANK(Data!AK84),"",Data!AK84) | O84: =IF(ISBLANK(Data!AL84),"",Data!AL84) | P84: =IF(ISBLANK(Data!AM84),"",Data!AM84) | Q84: =IF(Data!K7="","",IF(Data!K7=0,1080,Data!K7)) | R84: =IF(ISBLANK(Data!L7),"",Data!L7) | S84: =IF(OR(C84="",E84="",Q84="",C84=1080,E84=1080,Q84=1080),0.5,IF(OR(K84=C84,K84=E84,M84=C84,M84=E84,O84=C84,O84=E84,MIN(ABS(Q84-C84),ABS(360-Q84+E84))<=45),0.5,IF(OR(IF(ISNUMBER(K84),OR(MIN(ABS(K84-C84),ABS(360-K84+C84))<=45,MIN(ABS(K84-E84),ABS(360-K84+E84))<=45),FALSE),IF(ISNUMBER(M84),OR(MIN(ABS(M84-C84),ABS(360-M84+C84))<=45,MIN(ABS(M84-E84),ABS(360-M84+E84))<=45),FALSE),IF(ISNUMBER(O84),OR(MIN(ABS(O84-C84),ABS(360-O84+C84))<=45,MIN(ABS(O84-E84),ABS(360-O84+E84))<=45),FALSE),MIN(ABS(Q84-C84),ABS(360-Q84+C84))<=90,MIN(ABS(Q84-E84),ABS(360-Q84+E84))<=90),0.25,0)))+IF(OR(R84="",D84="",F84=""),0.5,IF(AND(R84>=D84,R84<=F84),0.5,IF(AND(R84>=(D84-5),R84<=(F84+5)),0.25,0))) -> 1 | T84: =IF(OR(G84="",I84="",Q84="",G84=1080,I84=1080,Q84=1080),0.5,IF(OR(K84=G84,K84=I84,M84=G84,M84=I84,O84=G84,O84=I84,MIN(ABS(Q84-G84),ABS(360-Q84+I84))<=45),0.5,IF(OR(IF(ISNUMBER(K84),OR(MIN(ABS(K84-G84),ABS(360-K84+G84))<=45,MIN(ABS(K84-I84),ABS(360-K84+I84))<=45),FALSE),IF(ISNUMBER(M84),OR(MIN(ABS(M84-G84),ABS(360-M84+G84))<=45,MIN(ABS(M84-I84),ABS(360-M84+I84))<=45),FALSE),IF(ISNUMBER(O84),OR(MIN(ABS(O84-G84),ABS(360-O84+G84))<=45,MIN(ABS(O84-I84),ABS(360-O84+I84))<=45),FALSE),MIN(ABS(Q84-G84),ABS(360-Q84+G84))<=90,MIN(ABS(Q84-I84),ABS(360-Q84+I84))<=90),0.25,0)))+IF(OR(R84="",H84="",J84=""),0.5,IF(AND(R84>=H84,R84<=J84),0.5,IF(AND(R84>=(H84-5),R84<=(J84+5)),0.25,0))) -> 1
B85: =B84+1 -> 3 | C85: =IF(ISBLANK(Data!I46),"",Data!I46) | D85: =IF(ISBLANK(Data!J46),"",IF(Data!J46=2,0,Data!J46)) | E85: =IF(ISBLANK(Data!K46),"",Data!K46) | F85: =IF(ISBLANK(Data!L46),"",Data!L46) | G85: =IF(ISBLANK(Data!Q45),"",Data!Q45) | H85: =IF(ISBLANK(Data!R45),"",IF(Data!R45=2,0,Data!R45)) | I85: =IF(ISBLANK(Data!S45),"",Data!S45) | J85: =IF(ISBLANK(Data!T45),"",Data!T45) | K85: =IF(ISBLANK(Data!AH85),"",Data!AH85) | L85: =IF(ISBLANK(Data!AI85),"",Data!AI85) | M85: =IF(ISBLANK(Data!AJ85),"",Data!AJ85) | N85: =IF(ISBLANK(Data!AK85),"",Data!AK85) | O85: =IF(ISBLANK(Data!AL85),"",Data!AL85) | P85: =IF(ISBLANK(Data!AM85),"",Data!AM85) | Q85: =IF(Data!K8="","",IF(Data!K8=0,1080,Data!K8)) | R85: =IF(ISBLANK(Data!L8),"",Data!L8) | S85: =IF(OR(C85="",E85="",Q85="",C85=1080,E85=1080,Q85=1080),0.5,IF(OR(K85=C85,K85=E85,M85=C85,M85=E85,O85=C85,O85=E85,MIN(ABS(Q85-C85),ABS(360-Q85+E85))<=45),0.5,IF(OR(IF(ISNUMBER(K85),OR(MIN(ABS(K85-C85),ABS(360-K85+C85))<=45,MIN(ABS(K85-E85),ABS(360-K85+E85))<=45),FALSE),IF(ISNUMBER(M85),OR(MIN(ABS(M85-C85),ABS(360-M85+C85))<=45,MIN(ABS(M85-E85),ABS(360-M85+E85))<=45),FALSE),IF(ISNUMBER(O85),OR(MIN(ABS(O85-C85),ABS(360-O85+C85))<=45,MIN(ABS(O85-E85),ABS(360-O85+E85))<=45),FALSE),MIN(ABS(Q85-C85),ABS(360-Q85+C85))<=90,MIN(ABS(Q85-E85),ABS(360-Q85+E85))<=90),0.25,0)))+IF(OR(R85="",D85="",F85=""),0.5,IF(AND(R85>=D85,R85<=F85),0.5,IF(AND(R85>=(D85-5),R85<=(F85+5)),0.25,0))) -> 1 | T85: =IF(OR(G85="",I85="",Q85="",G85=1080,I85=1080,Q85=1080),0.5,IF(OR(K85=G85,K85=I85,M85=G85,M85=I85,O85=G85,O85=I85,MIN(ABS(Q85-G85),ABS(360-Q85+I85))<=45),0.5,IF(OR(IF(ISNUMBER(K85),OR(MIN(ABS(K85-G85),ABS(360-K85+G85))<=45,MIN(ABS(K85-I85),ABS(360-K85+I85))<=45),FALSE),IF(ISNUMBER(M85),OR(MIN(ABS(M85-G85),ABS(360-M85+G85))<=45,MIN(ABS(M85-I85),ABS(360-M85+I85))<=45),FALSE),IF(ISNUMBER(O85),OR(MIN(ABS(O85-G85),ABS(360-O85+G85))<=45,MIN(ABS(O85-I85),ABS(360-O85+I85))<=45),FALSE),MIN(ABS(Q85-G85),ABS(360-Q85+G85))<=90,MIN(ABS(Q85-I85),ABS(360-Q85+I85))<=90),0.25,0)))+IF(OR(R85="",H85="",J85=""),0.5,IF(AND(R85>=H85,R85<=J85),0.5,IF(AND(R85>=(H85-5),R85<=(J85+5)),0.25,0))) -> 1
B86: =B85+1 -> 4 | C86: =IF(ISBLANK(Data!I47),"",Data!I47) | D86: =IF(ISBLANK(Data!J47),"",IF(Data!J47=2,0,Data!J47)) | E86: =IF(ISBLANK(Data!K47),"",Data!K47) | F86: =IF(ISBLANK(Data!L47),"",Data!L47) | G86: =IF(ISBLANK(Data!Q46),"",Data!Q46) | H86: =IF(ISBLANK(Data!R46),"",IF(Data!R46=2,0,Data!R46)) | I86: =IF(ISBLANK(Data!S46),"",Data!S46) | J86: =IF(ISBLANK(Data!T46),"",Data!T46) | K86: =IF(ISBLANK(Data!AH86),"",Data!AH86) | L86: =IF(ISBLANK(Data!AI86),"",Data!AI86) | M86: =IF(ISBLANK(Data!AJ86),"",Data!AJ86) | N86: =IF(ISBLANK(Data!AK86),"",Data!AK86) | O86: =IF(ISBLANK(Data!AL86),"",Data!AL86) | P86: =IF(ISBLANK(Data!AM86),"",Data!AM86) | Q86: =IF(Data!K9="","",IF(Data!K9=0,1080,Data!K9)) | R86: =IF(ISBLANK(Data!L9),"",Data!L9) | S86: =IF(OR(C86="",E86="",Q86="",C86=1080,E86=1080,Q86=1080),0.5,IF(OR(K86=C86,K86=E86,M86=C86,M86=E86,O86=C86,O86=E86,MIN(ABS(Q86-C86),ABS(360-Q86+E86))<=45),0.5,IF(OR(IF(ISNUMBER(K86),OR(MIN(ABS(K86-C86),ABS(360-K86+C86))<=45,MIN(ABS(K86-E86),ABS(360-K86+E86))<=45),FALSE),IF(ISNUMBER(M86),OR(MIN(ABS(M86-C86),ABS(360-M86+C86))<=45,MIN(ABS(M86-E86),ABS(360-M86+E86))<=45),FALSE),IF(ISNUMBER(O86),OR(MIN(ABS(O86-C86),ABS(360-O86+C86))<=45,MIN(ABS(O86-E86),ABS(360-O86+E86))<=45),FALSE),MIN(ABS(Q86-C86),ABS(360-Q86+C86))<=90,MIN(ABS(Q86-E86),ABS(360-Q86+E86))<=90),0.25,0)))+IF(OR(R86="",D86="",F86=""),0.5,IF(AND(R86>=D86,R86<=F86),0.5,IF(AND(R86>=(D86-5),R86<=(F86+5)),0.25,0))) -> 1 | T86: =IF(OR(G86="",I86="",Q86="",G86=1080,I86=1080,Q86=1080),0.5,IF(OR(K86=G86,K86=I86,M86=G86,M86=I86,O86=G86,O86=I86,MIN(ABS(Q86-G86),ABS(360-Q86+I86))<=45),0.5,IF(OR(IF(ISNUMBER(K86),OR(MIN(ABS(K86-G86),ABS(360-K86+G86))<=45,MIN(ABS(K86-I86),ABS(360-K86+I86))<=45),FALSE),IF(ISNUMBER(M86),OR(MIN(ABS(M86-G86),ABS(360-M86+G86))<=45,MIN(ABS(M86-I86),ABS(360-M86+I86))<=45),FALSE),IF(ISNUMBER(O86),OR(MIN(ABS(O86-G86),ABS(360-O86+G86))<=45,MIN(ABS(O86-I86),ABS(360-O86+I86))<=45),FALSE),MIN(ABS(Q86-G86),ABS(360-Q86+G86))<=90,MIN(ABS(Q86-I86),ABS(360-Q86+I86))<=90),0.25,0)))+IF(OR(R86="",H86="",J86=""),0.5,IF(AND(R86>=H86,R86<=J86),0.5,IF(AND(R86>=(H86-5),R86<=(J86+5)),0.25,0))) -> 1
B87: =B86+1 -> 5 | C87: =IF(ISBLANK(Data!I48),"",Data!I48) | D87: =IF(ISBLANK(Data!J48),"",IF(Data!J48=2,0,Data!J48)) | E87: =IF(ISBLANK(Data!K48),"",Data!K48) | F87: =IF(ISBLANK(Data!L48),"",Data!L48) | G87: =IF(ISBLANK(Data!Q47),"",Data!Q47) | H87: =IF(ISBLANK(Data!R47),"",IF(Data!R47=2,0,Data!R47)) | I87: =IF(ISBLANK(Data!S47),"",Data!S47) | J87: =IF(ISBLANK(Data!T47),"",Data!T47) | K87: =IF(ISBLANK(Data!AH87),"",Data!AH87) | L87: =IF(ISBLANK(Data!AI87),"",Data!AI87) | M87: =IF(ISBLANK(Data!AJ87),"",Data!AJ87) | N87: =IF(ISBLANK(Data!AK87),"",Data!AK87) | O87: =IF(ISBLANK(Data!AL87),"",Data!AL87) | P87: =IF(ISBLANK(Data!AM87),"",Data!AM87) | Q87: =IF(Data!K10="","",IF(Data!K10=0,1080,Data!K10)) | R87: =IF(ISBLANK(Data!L10),"",Data!L10) | S87: =IF(OR(C87="",E87="",Q87="",C87=1080,E87=1080,Q87=1080),0.5,IF(OR(K87=C87,K87=E87,M87=C87,M87=E87,O87=C87,O87=E87,MIN(ABS(Q87-C87),ABS(360-Q87+E87))<=45),0.5,IF(OR(IF(ISNUMBER(K87),OR(MIN(ABS(K87-C87),ABS(360-K87+C87))<=45,MIN(ABS(K87-E87),ABS(360-K87+E87))<=45),FALSE),IF(ISNUMBER(M87),OR(MIN(ABS(M87-C87),ABS(360-M87+C87))<=45,MIN(ABS(M87-E87),ABS(360-M87+E87))<=45),FALSE),IF(ISNUMBER(O87),OR(MIN(ABS(O87-C87),ABS(360-O87+C87))<=45,MIN(ABS(O87-E87),ABS(360-O87+E87))<=45),FALSE),MIN(ABS(Q87-C87),ABS(360-Q87+C87))<=90,MIN(ABS(Q87-E87),ABS(360-Q87+E87))<=90),0.25,0)))+IF(OR(R87="",D87="",F87=""),0.5,IF(AND(R87>=D87,R87<=F87),0.5,IF(AND(R87>=(D87-5),R87<=(F87+5)),0.25,0))) -> 1 | T87: =IF(OR(G87="",I87="",Q87="",G87=1080,I87=1080,Q87=1080),0.5,IF(OR(K87=G87,K87=I87,M87=G87,M87=I87,O87=G87,O87=I87,MIN(ABS(Q87-G87),ABS(360-Q87+I87))<=45),0.5,IF(OR(IF(ISNUMBER(K87),OR(MIN(ABS(K87-G87),ABS(360-K87+G87))<=45,MIN(ABS(K87-I87),ABS(360-K87+I87))<=45),FALSE),IF(ISNUMBER(M87),OR(MIN(ABS(M87-G87),ABS(360-M87+G87))<=45,MIN(ABS(M87-I87),ABS(360-M87+I87))<=45),FALSE),IF(ISNUMBER(O87),OR(MIN(ABS(O87-G87),ABS(360-O87+G87))<=45,MIN(ABS(O87-I87),ABS(360-O87+I87))<=45),FALSE),MIN(ABS(Q87-G87),ABS(360-Q87+G87))<=90,MIN(ABS(Q87-I87),ABS(360-Q87+I87))<=90),0.25,0)))+IF(OR(R87="",H87="",J87=""),0.5,IF(AND(R87>=H87,R87<=J87),0.5,IF(AND(R87>=(H87-5),R87<=(J87+5)),0.25,0))) -> 1
B88: =B87+1 -> 6 | C88: =IF(ISBLANK(Data!I49),"",Data!I49) | D88: =IF(ISBLANK(Data!J49),"",IF(Data!J49=2,0,Data!J49)) | E88: =IF(ISBLANK(Data!K49),"",Data!K49) | F88: =IF(ISBLANK(Data!L49),"",Data!L49) | G88: =IF(ISBLANK(Data!Q48),"",Data!Q48) | H88: =IF(ISBLANK(Data!R48),"",IF(Data!R48=2,0,Data!R48)) | I88: =IF(ISBLANK(Data!S48),"",Data!S48) | J88: =IF(ISBLANK(Data!T48),"",Data!T48) | K88: =IF(ISBLANK(Data!AH88),"",Data!AH88) | L88: =IF(ISBLANK(Data!AI88),"",Data!AI88) | M88: =IF(ISBLANK(Data!AJ88),"",Data!AJ88) | N88: =IF(ISBLANK(Data!AK88),"",Data!AK88) | O88: =IF(ISBLANK(Data!AL88),"",Data!AL88) | P88: =IF(ISBLANK(Data!AM88),"",Data!AM88) | Q88: =IF(Data!K11="","",IF(Data!K11=0,1080,Data!K11)) | R88: =IF(ISBLANK(Data!L11),"",Data!L11) | S88: =IF(OR(C88="",E88="",Q88="",C88=1080,E88=1080,Q88=1080),0.5,IF(OR(K88=C88,K88=E88,M88=C88,M88=E88,O88=C88,O88=E88,MIN(ABS(Q88-C88),ABS(360-Q88+E88))<=45),0.5,IF(OR(IF(ISNUMBER(K88),OR(MIN(ABS(K88-C88),ABS(360-K88+C88))<=45,MIN(ABS(K88-E88),ABS(360-K88+E88))<=45),FALSE),IF(ISNUMBER(M88),OR(MIN(ABS(M88-C88),ABS(360-M88+C88))<=45,MIN(ABS(M88-E88),ABS(360-M88+E88))<=45),FALSE),IF(ISNUMBER(O88),OR(MIN(ABS(O88-C88),ABS(360-O88+C88))<=45,MIN(ABS(O88-E88),ABS(360-O88+E88))<=45),FALSE),MIN(ABS(Q88-C88),ABS(360-Q88+C88))<=90,MIN(ABS(Q88-E88),ABS(360-Q88+E88))<=90),0.25,0)))+IF(OR(R88="",D88="",F88=""),0.5,IF(AND(R88>=D88,R88<=F88),0.5,IF(AND(R88>=(D88-5),R88<=(F88+5)),0.25,0))) -> 1 | T88: =IF(OR(G88="",I88="",Q88="",G88=1080,I88=1080,Q88=1080),0.5,IF(OR(K88=G88,K88=I88,M88=G88,M88=I88,O88=G88,O88=I88,MIN(ABS(Q88-G88),ABS(360-Q88+I88))<=45),0.5,IF(OR(IF(ISNUMBER(K88),OR(MIN(ABS(K88-G88),ABS(360-K88+G88))<=45,MIN(ABS(K88-I88),ABS(360-K88+I88))<=45),FALSE),IF(ISNUMBER(M88),OR(MIN(ABS(M88-G88),ABS(360-M88+G88))<=45,MIN(ABS(M88-I88),ABS(360-M88+I88))<=45),FALSE),IF(ISNUMBER(O88),OR(MIN(ABS(O88-G88),ABS(360-O88+G88))<=45,MIN(ABS(O88-I88),ABS(360-O88+I88))<=45),FALSE),MIN(ABS(Q88-G88),ABS(360-Q88+G88))<=90,MIN(ABS(Q88-I88),ABS(360-Q88+I88))<=90),0.25,0)))+IF(OR(R88="",H88="",J88=""),0.5,IF(AND(R88>=H88,R88<=J88),0.5,IF(AND(R88>=(H88-5),R88<=(J88+5)),0.25,0))) -> 1
B89: =B88+1 -> 7 | C89: =IF(ISBLANK(Data!I50),"",Data!I50) | D89: =IF(ISBLANK(Data!J50),"",IF(Data!J50=2,0,Data!J50)) | E89: =IF(ISBLANK(Data!K50),"",Data!K50) | F89: =IF(ISBLANK(Data!L50),"",Data!L50) | G89: =IF(ISBLANK(Data!Q49),"",Data!Q49) | H89: =IF(ISBLANK(Data!R49),"",IF(Data!R49=2,0,Data!R49)) | I89: =IF(ISBLANK(Data!S49),"",Data!S49) | J89: =IF(ISBLANK(Data!T49),"",Data!T49) | K89: =IF(ISBLANK(Data!AH89),"",Data!AH89) | L89: =IF(ISBLANK(Data!AI89),"",Data!AI89) | M89: =IF(ISBLANK(Data!AJ89),"",Data!AJ89) | N89: =IF(ISBLANK(Data!AK89),"",Data!AK89) | O89: =IF(ISBLANK(Data!AL89),"",Data!AL89) | P89: =IF(ISBLANK(Data!AM89),"",Data!AM89) | Q89: =IF(Data!K12="","",IF(Data!K12=0,1080,Data!K12)) | R89: =IF(ISBLANK(Data!L12),"",Data!L12) | S89: =IF(OR(C89="",E89="",Q89="",C89=1080,E89=1080,Q89=1080),0.5,IF(OR(K89=C89,K89=E89,M89=C89,M89=E89,O89=C89,O89=E89,MIN(ABS(Q89-C89),ABS(360-Q89+E89))<=45),0.5,IF(OR(IF(ISNUMBER(K89),OR(MIN(ABS(K89-C89),ABS(360-K89+C89))<=45,MIN(ABS(K89-E89),ABS(360-K89+E89))<=45),FALSE),IF(ISNUMBER(M89),OR(MIN(ABS(M89-C89),ABS(360-M89+C89))<=45,MIN(ABS(M89-E89),ABS(360-M89+E89))<=45),FALSE),IF(ISNUMBER(O89),OR(MIN(ABS(O89-C89),ABS(360-O89+C89))<=45,MIN(ABS(O89-E89),ABS(360-O89+E89))<=45),FALSE),MIN(ABS(Q89-C89),ABS(360-Q89+C89))<=90,MIN(ABS(Q89-E89),ABS(360-Q89+E89))<=90),0.25,0)))+IF(OR(R89="",D89="",F89=""),0.5,IF(AND(R89>=D89,R89<=F89),0.5,IF(AND(R89>=(D89-5),R89<=(F89+5)),0.25,0))) -> 1 | T89: =IF(OR(G89="",I89="",Q89="",G89=1080,I89=1080,Q89=1080),0.5,IF(OR(K89=G89,K89=I89,M89=G89,M89=I89,O89=G89,O89=I89,MIN(ABS(Q89-G89),ABS(360-Q89+I89))<=45),0.5,IF(OR(IF(ISNUMBER(K89),OR(MIN(ABS(K89-G89),ABS(360-K89+G89))<=45,MIN(ABS(K89-I89),ABS(360-K89+I89))<=45),FALSE),IF(ISNUMBER(M89),OR(MIN(ABS(M89-G89),ABS(360-M89+G89))<=45,MIN(ABS(M89-I89),ABS(360-M89+I89))<=45),FALSE),IF(ISNUMBER(O89),OR(MIN(ABS(O89-G89),ABS(360-O89+G89))<=45,MIN(ABS(O89-I89),ABS(360-O89+I89))<=45),FALSE),MIN(ABS(Q89-G89),ABS(360-Q89+G89))<=90,MIN(ABS(Q89-I89),ABS(360-Q89+I89))<=90),0.25,0)))+IF(OR(R89="",H89="",J89=""),0.5,IF(AND(R89>=H89,R89<=J89),0.5,IF(AND(R89>=(H89-5),R89<=(J89+5)),0.25,0))) -> 1
B90: =B89+1 -> 8 | C90: =IF(ISBLANK(Data!I51),"",Data!I51) | D90: =IF(ISBLANK(Data!J51),"",IF(Data!J51=2,0,Data!J51)) | E90: =IF(ISBLANK(Data!K51),"",Data!K51) | F90: =IF(ISBLANK(Data!L51),"",Data!L51) | G90: =IF(ISBLANK(Data!Q50),"",Data!Q50) | H90: =IF(ISBLANK(Data!R50),"",IF(Data!R50=2,0,Data!R50)) | I90: =IF(ISBLANK(Data!S50),"",Data!S50) | J90: =IF(ISBLANK(Data!T50),"",Data!T50) | K90: =IF(ISBLANK(Data!AH90),"",Data!AH90) | L90: =IF(ISBLANK(Data!AI90),"",Data!AI90) | M90: =IF(ISBLANK(Data!AJ90),"",Data!AJ90) | N90: =IF(ISBLANK(Data!AK90),"",Data!AK90) | O90: =IF(ISBLANK(Data!AL90),"",Data!AL90) | P90: =IF(ISBLANK(Data!AM90),"",Data!AM90) | Q90: =IF(Data!K13="","",IF(Data!K13=0,1080,Data!K13)) | R90: =IF(ISBLANK(Data!L13),"",Data!L13) | S90: =IF(OR(C90="",E90="",Q90="",C90=1080,E90=1080,Q90=1080),0.5,IF(OR(K90=C90,K90=E90,M90=C90,M90=E90,O90=C90,O90=E90,MIN(ABS(Q90-C90),ABS(360-Q90+E90))<=45),0.5,IF(OR(IF(ISNUMBER(K90),OR(MIN(ABS(K90-C90),ABS(360-K90+C90))<=45,MIN(ABS(K90-E90),ABS(360-K90+E90))<=45),FALSE),IF(ISNUMBER(M90),OR(MIN(ABS(M90-C90),ABS(360-M90+C90))<=45,MIN(ABS(M90-E90),ABS(360-M90+E90))<=45),FALSE),IF(ISNUMBER(O90),OR(MIN(ABS(O90-C90),ABS(360-O90+C90))<=45,MIN(ABS(O90-E90),ABS(360-O90+E90))<=45),FALSE),MIN(ABS(Q90-C90),ABS(360-Q90+C90))<=90,MIN(ABS(Q90-E90),ABS(360-Q90+E90))<=90),0.25,0)))+IF(OR(R90="",D90="",F90=""),0.5,IF(AND(R90>=D90,R90<=F90),0.5,IF(AND(R90>=(D90-5),R90<=(F90+5)),0.25,0))) -> 1 | T90: =IF(OR(G90="",I90="",Q90="",G90=1080,I90=1080,Q90=1080),0.5,IF(OR(K90=G90,K90=I90,M90=G90,M90=I90,O90=G90,O90=I90,MIN(ABS(Q90-G90),ABS(360-Q90+I90))<=45),0.5,IF(OR(IF(ISNUMBER(K90),OR(MIN(ABS(K90-G90),ABS(360-K90+G90))<=45,MIN(ABS(K90-I90),ABS(360-K90+I90))<=45),FALSE),IF(ISNUMBER(M90),OR(MIN(ABS(M90-G90),ABS(360-M90+G90))<=45,MIN(ABS(M90-I90),ABS(360-M90+I90))<=45),FALSE),IF(ISNUMBER(O90),OR(MIN(ABS(O90-G90),ABS(360-O90+G90))<=45,MIN(ABS(O90-I90),ABS(360-O90+I90))<=45),FALSE),MIN(ABS(Q90-G90),ABS(360-Q90+G90))<=90,MIN(ABS(Q90-I90),ABS(360-Q90+I90))<=90),0.25,0)))+IF(OR(R90="",H90="",J90=""),0.5,IF(AND(R90>=H90,R90<=J90),0.5,IF(AND(R90>=(H90-5),R90<=(J90+5)),0.25,0))) -> 1
B91: =B90+1 -> 9 | C91: =IF(ISBLANK(Data!I52),"",Data!I52) | D91: =IF(ISBLANK(Data!J52),"",IF(Data!J52=2,0,Data!J52)) | E91: =IF(ISBLANK(Data!K52),"",Data!K52) | F91: =IF(ISBLANK(Data!L52),"",Data!L52) | G91: =IF(ISBLANK(Data!Q51),"",Data!Q51) | H91: =IF(ISBLANK(Data!R51),"",IF(Data!R51=2,0,Data!R51)) | I91: =IF(ISBLANK(Data!S51),"",Data!S51) | J91: =IF(ISBLANK(Data!T51),"",Data!T51) | K91: =IF(ISBLANK(Data!AH91),"",Data!AH91) | L91: =IF(ISBLANK(Data!AI91),"",Data!AI91) | M91: =IF(ISBLANK(Data!AJ91),"",Data!AJ91) | N91: =IF(ISBLANK(Data!AK91),"",Data!AK91) | O91: =IF(ISBLANK(Data!AL91),"",Data!AL91) | P91: =IF(ISBLANK(Data!AM91),"",Data!AM91) | Q91: =IF(Data!K14="","",IF(Data!K14=0,1080,Data!K14)) | R91: =IF(ISBLANK(Data!L14),"",Data!L14) | S91: =IF(OR(C91="",E91="",Q91="",C91=1080,E91=1080,Q91=1080),0.5,IF(OR(K91=C91,K91=E91,M91=C91,M91=E91,O91=C91,O91=E91,MIN(ABS(Q91-C91),ABS(360-Q91+E91))<=45),0.5,IF(OR(IF(ISNUMBER(K91),OR(MIN(ABS(K91-C91),ABS(360-K91+C91))<=45,MIN(ABS(K91-E91),ABS(360-K91+E91))<=45),FALSE),IF(ISNUMBER(M91),OR(MIN(ABS(M91-C91),ABS(360-M91+C91))<=45,MIN(ABS(M91-E91),ABS(360-M91+E91))<=45),FALSE),IF(ISNUMBER(O91),OR(MIN(ABS(O91-C91),ABS(360-O91+C91))<=45,MIN(ABS(O91-E91),ABS(360-O91+E91))<=45),FALSE),MIN(ABS(Q91-C91),ABS(360-Q91+C91))<=90,MIN(ABS(Q91-E91),ABS(360-Q91+E91))<=90),0.25,0)))+IF(OR(R91="",D91="",F91=""),0.5,IF(AND(R91>=D91,R91<=F91),0.5,IF(AND(R91>=(D91-5),R91<=(F91+5)),0.25,0))) -> 1 | T91: =IF(OR(G91="",I91="",Q91="",G91=1080,I91=1080,Q91=1080),0.5,IF(OR(K91=G91,K91=I91,M91=G91,M91=I91,O91=G91,O91=I91,MIN(ABS(Q91-G91),ABS(360-Q91+I91))<=45),0.5,IF(OR(IF(ISNUMBER(K91),OR(MIN(ABS(K91-G91),ABS(360-K91+G91))<=45,MIN(ABS(K91-I91),ABS(360-K91+I91))<=45),FALSE),IF(ISNUMBER(M91),OR(MIN(ABS(M91-G91),ABS(360-M91+G91))<=45,MIN(ABS(M91-I91),ABS(360-M91+I91))<=45),FALSE),IF(ISNUMBER(O91),OR(MIN(ABS(O91-G91),ABS(360-O91+G91))<=45,MIN(ABS(O91-I91),ABS(360-O91+I91))<=45),FALSE),MIN(ABS(Q91-G91),ABS(360-Q91+G91))<=90,MIN(ABS(Q91-I91),ABS(360-Q91+I91))<=90),0.25,0)))+IF(OR(R91="",H91="",J91=""),0.5,IF(AND(R91>=H91,R91<=J91),0.5,IF(AND(R91>=(H91-5),R91<=(J91+5)),0.25,0))) -> 1
B92: =B91+1 -> 10 | C92: =IF(ISBLANK(Data!I53),"",Data!I53) | D92: =IF(ISBLANK(Data!J53),"",IF(Data!J53=2,0,Data!J53)) | E92: =IF(ISBLANK(Data!K53),"",Data!K53) | F92: =IF(ISBLANK(Data!L53),"",Data!L53) | G92: =IF(ISBLANK(Data!Q52),"",Data!Q52) | H92: =IF(ISBLANK(Data!R52),"",IF(Data!R52=2,0,Data!R52)) | I92: =IF(ISBLANK(Data!S52),"",Data!S52) | J92: =IF(ISBLANK(Data!T52),"",Data!T52) | K92: =IF(ISBLANK(Data!AH92),"",Data!AH92) | L92: =IF(ISBLANK(Data!AI92),"",Data!AI92) | M92: =IF(ISBLANK(Data!AJ92),"",Data!AJ92) | N92: =IF(ISBLANK(Data!AK92),"",Data!AK92) | O92: =IF(ISBLANK(Data!AL92),"",Data!AL92) | P92: =IF(ISBLANK(Data!AM92),"",Data!AM92) | Q92: =IF(Data!K15="","",IF(Data!K15=0,1080,Data!K15)) | R92: =IF(ISBLANK(Data!L15),"",Data!L15) | S92: =IF(OR(C92="",E92="",Q92="",C92=1080,E92=1080,Q92=1080),0.5,IF(OR(K92=C92,K92=E92,M92=C92,M92=E92,O92=C92,O92=E92,MIN(ABS(Q92-C92),ABS(360-Q92+E92))<=45),0.5,IF(OR(IF(ISNUMBER(K92),OR(MIN(ABS(K92-C92),ABS(360-K92+C92))<=45,MIN(ABS(K92-E92),ABS(360-K92+E92))<=45),FALSE),IF(ISNUMBER(M92),OR(MIN(ABS(M92-C92),ABS(360-M92+C92))<=45,MIN(ABS(M92-E92),ABS(360-M92+E92))<=45),FALSE),IF(ISNUMBER(O92),OR(MIN(ABS(O92-C92),ABS(360-O92+C92))<=45,MIN(ABS(O92-E92),ABS(360-O92+E92))<=45),FALSE),MIN(ABS(Q92-C92),ABS(360-Q92+C92))<=90,MIN(ABS(Q92-E92),ABS(360-Q92+E92))<=90),0.25,0)))+IF(OR(R92="",D92="",F92=""),0.5,IF(AND(R92>=D92,R92<=F92),0.5,IF(AND(R92>=(D92-5),R92<=(F92+5)),0.25,0))) -> 1 | T92: =IF(OR(G92="",I92="",Q92="",G92=1080,I92=1080,Q92=1080),0.5,IF(OR(K92=G92,K92=I92,M92=G92,M92=I92,O92=G92,O92=I92,MIN(ABS(Q92-G92),ABS(360-Q92+I92))<=45),0.5,IF(OR(IF(ISNUMBER(K92),OR(MIN(ABS(K92-G92),ABS(360-K92+G92))<=45,MIN(ABS(K92-I92),ABS(360-K92+I92))<=45),FALSE),IF(ISNUMBER(M92),OR(MIN(ABS(M92-G92),ABS(360-M92+G92))<=45,MIN(ABS(M92-I92),ABS(360-M92+I92))<=45),FALSE),IF(ISNUMBER(O92),OR(MIN(ABS(O92-G92),ABS(360-O92+G92))<=45,MIN(ABS(O92-I92),ABS(360-O92+I92))<=45),FALSE),MIN(ABS(Q92-G92),ABS(360-Q92+G92))<=90,MIN(ABS(Q92-I92),ABS(360-Q92+I92))<=90),0.25,0)))+IF(OR(R92="",H92="",J92=""),0.5,IF(AND(R92>=H92,R92<=J92),0.5,IF(AND(R92>=(H92-5),R92<=(J92+5)),0.25,0))) -> 1
B93: =B92+1 -> 11 | C93: =IF(ISBLANK(Data!I54),"",Data!I54) | D93: =IF(ISBLANK(Data!J54),"",IF(Data!J54=2,0,Data!J54)) | E93: =IF(ISBLANK(Data!K54),"",Data!K54) | F93: =IF(ISBLANK(Data!L54),"",Data!L54) | G93: =IF(ISBLANK(Data!Q53),"",Data!Q53) | H93: =IF(ISBLANK(Data!R53),"",IF(Data!R53=2,0,Data!R53)) | I93: =IF(ISBLANK(Data!S53),"",Data!S53) | J93: =IF(ISBLANK(Data!T53),"",Data!T53) | K93: =IF(ISBLANK(Data!AH93),"",Data!AH93) | L93: =IF(ISBLANK(Data!AI93),"",Data!AI93) | M93: =IF(ISBLANK(Data!AJ93),"",Data!AJ93) | N93: =IF(ISBLANK(Data!AK93),"",Data!AK93) | O93: =IF(ISBLANK(Data!AL93),"",Data!AL93) | P93: =IF(ISBLANK(Data!AM93),"",Data!AM93) | Q93: =IF(Data!K16="","",IF(Data!K16=0,1080,Data!K16)) | R93: =IF(ISBLANK(Data!L16),"",Data!L16) | S93: =IF(OR(C93="",E93="",Q93="",C93=1080,E93=1080,Q93=1080),0.5,IF(OR(K93=C93,K93=E93,M93=C93,M93=E93,O93=C93,O93=E93,MIN(ABS(Q93-C93),ABS(360-Q93+E93))<=45),0.5,IF(OR(IF(ISNUMBER(K93),OR(MIN(ABS(K93-C93),ABS(360-K93+C93))<=45,MIN(ABS(K93-E93),ABS(360-K93+E93))<=45),FALSE),IF(ISNUMBER(M93),OR(MIN(ABS(M93-C93),ABS(360-M93+C93))<=45,MIN(ABS(M93-E93),ABS(360-M93+E93))<=45),FALSE),IF(ISNUMBER(O93),OR(MIN(ABS(O93-C93),ABS(360-O93+C93))<=45,MIN(ABS(O93-E93),ABS(360-O93+E93))<=45),FALSE),MIN(ABS(Q93-C93),ABS(360-Q93+C93))<=90,MIN(ABS(Q93-E93),ABS(360-Q93+E93))<=90),0.25,0)))+IF(OR(R93="",D93="",F93=""),0.5,IF(AND(R93>=D93,R93<=F93),0.5,IF(AND(R93>=(D93-5),R93<=(F93+5)),0.25,0))) -> 1 | T93: =IF(OR(G93="",I93="",Q93="",G93=1080,I93=1080,Q93=1080),0.5,IF(OR(K93=G93,K93=I93,M93=G93,M93=I93,O93=G93,O93=I93,MIN(ABS(Q93-G93),ABS(360-Q93+I93))<=45),0.5,IF(OR(IF(ISNUMBER(K93),OR(MIN(ABS(K93-G93),ABS(360-K93+G93))<=45,MIN(ABS(K93-I93),ABS(360-K93+I93))<=45),FALSE),IF(ISNUMBER(M93),OR(MIN(ABS(M93-G93),ABS(360-M93+G93))<=45,MIN(ABS(M93-I93),ABS(360-M93+I93))<=45),FALSE),IF(ISNUMBER(O93),OR(MIN(ABS(O93-G93),ABS(360-O93+G93))<=45,MIN(ABS(O93-I93),ABS(360-O93+I93))<=45),FALSE),MIN(ABS(Q93-G93),ABS(360-Q93+G93))<=90,MIN(ABS(Q93-I93),ABS(360-Q93+I93))<=90),0.25,0)))+IF(OR(R93="",H93="",J93=""),0.5,IF(AND(R93>=H93,R93<=J93),0.5,IF(AND(R93>=(H93-5),R93<=(J93+5)),0.25,0))) -> 1
B94: =B93+1 -> 12 | C94: =IF(ISBLANK(Data!I55),"",Data!I55) | D94: =IF(ISBLANK(Data!J55),"",IF(Data!J55=2,0,Data!J55)) | E94: =IF(ISBLANK(Data!K55),"",Data!K55) | F94: =IF(ISBLANK(Data!L55),"",Data!L55) | G94: =IF(ISBLANK(Data!Q54),"",Data!Q54) | H94: =IF(ISBLANK(Data!R54),"",IF(Data!R54=2,0,Data!R54)) | I94: =IF(ISBLANK(Data!S54),"",Data!S54) | J94: =IF(ISBLANK(Data!T54),"",Data!T54) | K94: =IF(ISBLANK(Data!AH94),"",Data!AH94) | L94: =IF(ISBLANK(Data!AI94),"",Data!AI94) | M94: =IF(ISBLANK(Data!AJ94),"",Data!AJ94) | N94: =IF(ISBLANK(Data!AK94),"",Data!AK94) | O94: =IF(ISBLANK(Data!AL94),"",Data!AL94) | P94: =IF(ISBLANK(Data!AM94),"",Data!AM94) | Q94: =IF(Data!K17="","",IF(Data!K17=0,1080,Data!K17)) | R94: =IF(ISBLANK(Data!L17),"",Data!L17) | S94: =IF(OR(C94="",E94="",Q94="",C94=1080,E94=1080,Q94=1080),0.5,IF(OR(K94=C94,K94=E94,M94=C94,M94=E94,O94=C94,O94=E94,MIN(ABS(Q94-C94),ABS(360-Q94+E94))<=45),0.5,IF(OR(IF(ISNUMBER(K94),OR(MIN(ABS(K94-C94),ABS(360-K94+C94))<=45,MIN(ABS(K94-E94),ABS(360-K94+E94))<=45),FALSE),IF(ISNUMBER(M94),OR(MIN(ABS(M94-C94),ABS(360-M94+C94))<=45,MIN(ABS(M94-E94),ABS(360-M94+E94))<=45),FALSE),IF(ISNUMBER(O94),OR(MIN(ABS(O94-C94),ABS(360-O94+C94))<=45,MIN(ABS(O94-E94),ABS(360-O94+E94))<=45),FALSE),MIN(ABS(Q94-C94),ABS(360-Q94+C94))<=90,MIN(ABS(Q94-E94),ABS(360-Q94+E94))<=90),0.25,0)))+IF(OR(R94="",D94="",F94=""),0.5,IF(AND(R94>=D94,R94<=F94),0.5,IF(AND(R94>=(D94-5),R94<=(F94+5)),0.25,0))) -> 1 | T94: =IF(OR(G94="",I94="",Q94="",G94=1080,I94=1080,Q94=1080),0.5,IF(OR(K94=G94,K94=I94,M94=G94,M94=I94,O94=G94,O94=I94,MIN(ABS(Q94-G94),ABS(360-Q94+I94))<=45),0.5,IF(OR(IF(ISNUMBER(K94),OR(MIN(ABS(K94-G94),ABS(360-K94+G94))<=45,MIN(ABS(K94-I94),ABS(360-K94+I94))<=45),FALSE),IF(ISNUMBER(M94),OR(MIN(ABS(M94-G94),ABS(360-M94+G94))<=45,MIN(ABS(M94-I94),ABS(360-M94+I94))<=45),FALSE),IF(ISNUMBER(O94),OR(MIN(ABS(O94-G94),ABS(360-O94+G94))<=45,MIN(ABS(O94-I94),ABS(360-O94+I94))<=45),FALSE),MIN(ABS(Q94-G94),ABS(360-Q94+G94))<=90,MIN(ABS(Q94-I94),ABS(360-Q94+I94))<=90),0.25,0)))+IF(OR(R94="",H94="",J94=""),0.5,IF(AND(R94>=H94,R94<=J94),0.5,IF(AND(R94>=(H94-5),R94<=(J94+5)),0.25,0))) -> 1
B95: =B94+1 -> 13 | C95: =IF(ISBLANK(Data!I56),"",Data!I56) | D95: =IF(ISBLANK(Data!J56),"",IF(Data!J56=2,0,Data!J56)) | E95: =IF(ISBLANK(Data!K56),"",Data!K56) | F95: =IF(ISBLANK(Data!L56),"",Data!L56) | G95: =IF(ISBLANK(Data!Q55),"",Data!Q55) | H95: =IF(ISBLANK(Data!R55),"",IF(Data!R55=2,0,Data!R55)) | I95: =IF(ISBLANK(Data!S55),"",Data!S55) | J95: =IF(ISBLANK(Data!T55),"",Data!T55) | K95: =IF(ISBLANK(Data!AH95),"",Data!AH95) | L95: =IF(ISBLANK(Data!AI95),"",Data!AI95) | M95: =IF(ISBLANK(Data!AJ95),"",Data!AJ95) | N95: =IF(ISBLANK(Data!AK95),"",Data!AK95) | O95: =IF(ISBLANK(Data!AL95),"",Data!AL95) | P95: =IF(ISBLANK(Data!AM95),"",Data!AM95) | Q95: =IF(Data!K18="","",IF(Data!K18=0,1080,Data!K18)) | R95: =IF(ISBLANK(Data!L18),"",Data!L18) | S95: =IF(OR(C95="",E95="",Q95="",C95=1080,E95=1080,Q95=1080),0.5,IF(OR(K95=C95,K95=E95,M95=C95,M95=E95,O95=C95,O95=E95,MIN(ABS(Q95-C95),ABS(360-Q95+E95))<=45),0.5,IF(OR(IF(ISNUMBER(K95),OR(MIN(ABS(K95-C95),ABS(360-K95+C95))<=45,MIN(ABS(K95-E95),ABS(360-K95+E95))<=45),FALSE),IF(ISNUMBER(M95),OR(MIN(ABS(M95-C95),ABS(360-M95+C95))<=45,MIN(ABS(M95-E95),ABS(360-M95+E95))<=45),FALSE),IF(ISNUMBER(O95),OR(MIN(ABS(O95-C95),ABS(360-O95+C95))<=45,MIN(ABS(O95-E95),ABS(360-O95+E95))<=45),FALSE),MIN(ABS(Q95-C95),ABS(360-Q95+C95))<=90,MIN(ABS(Q95-E95),ABS(360-Q95+E95))<=90),0.25,0)))+IF(OR(R95="",D95="",F95=""),0.5,IF(AND(R95>=D95,R95<=F95),0.5,IF(AND(R95>=(D95-5),R95<=(F95+5)),0.25,0))) -> 1 | T95: =IF(OR(G95="",I95="",Q95="",G95=1080,I95=1080,Q95=1080),0.5,IF(OR(K95=G95,K95=I95,M95=G95,M95=I95,O95=G95,O95=I95,MIN(ABS(Q95-G95),ABS(360-Q95+I95))<=45),0.5,IF(OR(IF(ISNUMBER(K95),OR(MIN(ABS(K95-G95),ABS(360-K95+G95))<=45,MIN(ABS(K95-I95),ABS(360-K95+I95))<=45),FALSE),IF(ISNUMBER(M95),OR(MIN(ABS(M95-G95),ABS(360-M95+G95))<=45,MIN(ABS(M95-I95),ABS(360-M95+I95))<=45),FALSE),IF(ISNUMBER(O95),OR(MIN(ABS(O95-G95),ABS(360-O95+G95))<=45,MIN(ABS(O95-I95),ABS(360-O95+I95))<=45),FALSE),MIN(ABS(Q95-G95),ABS(360-Q95+G95))<=90,MIN(ABS(Q95-I95),ABS(360-Q95+I95))<=90),0.25,0)))+IF(OR(R95="",H95="",J95=""),0.5,IF(AND(R95>=H95,R95<=J95),0.5,IF(AND(R95>=(H95-5),R95<=(J95+5)),0.25,0))) -> 1
... B113: =B112+1 -> 31 | C113: =IF(ISBLANK(Data!I74),"",Data!I74) | D113: =IF(ISBLANK(Data!J74),"",IF(Data!J74=2,0,Data!J74)) | E113: =IF(ISBLANK(Data!K74),"",Data!K74) | F113: =IF(ISBLANK(Data!L74),"",Data!L74) | G113: =IF(ISBLANK(Data!Q73),"",Data!Q73) | H113: =IF(ISBLANK(Data!R73),"",IF(Data!R73=2,0,Data!R73)) | I113: =IF(ISBLANK(Data!S73),"",Data!S73) | J113: =IF(ISBLANK(Data!T73),"",Data!T73) | K113: =IF(ISBLANK(Data!AH113),"",Data!AH113) | L113: =IF(ISBLANK(Data!AI113),"",Data!AI113) | M113: =IF(ISBLANK(Data!AJ113),"",Data!AJ113) | N113: =IF(ISBLANK(Data!AK113),"",Data!AK113) | O113: =IF(ISBLANK(Data!AL113),"",Data!AL113) | P113: =IF(ISBLANK(Data!AM113),"",Data!AM113) | Q113: =IF(Data!K36="","",IF(Data!K36=0,1080,Data!K36)) | R113: =IF(ISBLANK(Data!L36),"",Data!L36) | S113: =IF(OR(C113="",E113="",Q113="",C113=1080,E113=1080,Q113=1080),0.5,IF(OR(K113=C113,K113=E113,M113=C113,M113=E113,O113=C113,O113=E113,MIN(ABS(Q113-C113),ABS(360-Q113+E113))<=45),0.5,IF(OR(IF(ISNUMBER(K113),OR(MIN(ABS(K113-C113),ABS(360-K113+C113))<=45,MIN(ABS(K113-E113),ABS(360-K113+E113))<=45),FALSE),IF(ISNUMBER(M113),OR(MIN(ABS(M113-C113),ABS(360-M113+C113))<=45,MIN(ABS(M113-E113),ABS(360-M113+E113))<=45),FALSE),IF(ISNUMBER(O113),OR(MIN(ABS(O113-C113),ABS(360-O113+C113))<=45,MIN(ABS(O113-E113),ABS(360-O113+E113))<=45),FALSE),MIN(ABS(Q113-C113),ABS(360-Q113+C113))<=90,MIN(ABS(Q113-E113),ABS(360-Q113+E113))<=90),0.25,0)))+IF(OR(R113="",D113="",F113=""),0.5,IF(AND(R113>=D113,R113<=F113),0.5,IF(AND(R113>=(D113-5),R113<=(F113+5)),0.25,0))) -> 1 | T113: =IF(OR(G113="",I113="",Q113="",G113=1080,I113=1080,Q113=1080),0.5,IF(OR(K113=G113,K113=I113,M113=G113,M113=I113,O113=G113,O113=I113,MIN(ABS(Q113-G113),ABS(360-Q113+I113))<=45),0.5,IF(OR(IF(ISNUMBER(K113),OR(MIN(ABS(K113-G113),ABS(360-K113+G113))<=45,MIN(ABS(K113-I113),ABS(360-K113+I113))<=45),FALSE),IF(ISNUMBER(M113),OR(MIN(ABS(M113-G113),ABS(360-M113+G113))<=45,MIN(ABS(M113-I113),ABS(360-M113+I113))<=45),FALSE),IF(ISNUMBER(O113),OR(MIN(ABS(O113-G113),ABS(360-O113+G113))<=45,MIN(ABS(O113-I113),ABS(360-O113+I113))<=45),FALSE),MIN(ABS(Q113-G113),ABS(360-Q113+G113))<=90,MIN(ABS(Q113-I113),ABS(360-Q113+I113))<=90),0.25,0)))+IF(OR(R113="",H113="",J113=""),0.5,IF(AND(R113>=H113,R113<=J113),0.5,IF(AND(R113>=(H113-5),R113<=(J113+5)),0.25,0))) -> 1
B117: Date | C117: 15h-18h
C118: Prévu 12-24 | G118: Prévu 36-48 | K118: Observé
C119: DD1 | D119: ff | E119: DD2 | F119: FF | G119: DD1 | H119: ff | I119: DD2 | J119: FF | K119: 15h | M119: 16h | O119: 17h | Q119: 18h | S119: Moyenne | U119: Score 24 | V119: Score 48
K120: DD | L120: ff | M120: DD | N120: ff | O120: DD | P120: ff | Q120: DD | R120: ff | S120: DD | T120: FF
B121: 1 | C121: =IF(ISBLANK(Data!I44),"",Data!I44) | D121: =IF(ISBLANK(Data!J44),"",IF(Data!J44=2,0,Data!J44)) | E121: =IF(ISBLANK(Data!K44),"",Data!K44) | F121: =IF(ISBLANK(Data!L44),"",Data!L44) | G121: =IF(ISBLANK(Data!Q43),"",Data!Q43) | H121: =IF(ISBLANK(Data!R43),"",IF(Data!R43=2,0,Data!R43)) | I121: =IF(ISBLANK(Data!S43),"",Data!S43) | J121: =IF(ISBLANK(Data!T43),"",Data!T43) | K121: =IF(ISBLANK(Data!AN83),"",Data!AN83) | L121: =IF(ISBLANK(Data!AO83),"",Data!AO83) | M121: =IF(ISBLANK(Data!AP83),"",Data!AP83) | N121: =IF(ISBLANK(Data!AQ83),"",Data!AQ83) | O121: =IF(ISBLANK(Data!AR83),"",Data!AR83) | P121: =IF(ISBLANK(Data!AS83),"",Data!AS83) | Q121: =IF(ISBLANK(Data!AT83),"",Data!AT83) | R121: =IF(ISBLANK(Data!AU83),"",Data!AU83) | S121: =IF(Data!M6="","",IF(Data!M6=0,1080,Data!M6)) | T121: =IF(ISBLANK(Data!N6),"",Data!N6) | U121: =IF(OR(C121="",E121="",S121="",C121=1080,E121=1080,S121=1080),0.5,IF(OR(K121=C121,K121=E121,M121=C121,M121=E121,,O121=C121,O121=E121,Q121=C121,Q121=E121,MIN(ABS(S121-C121),ABS(360-S121+E121))<=45),0.5,IF(OR(IF(ISNUMBER(K121),OR(MIN(ABS(K121-C121),ABS(360-K121+C121))<=45,MIN(ABS(K121-E121),ABS(360-K121+E121))<=45),FALSE),IF(ISNUMBER(M121),OR(MIN(ABS(M121-C121),ABS(360-M121+C121))<=45,MIN(ABS(M121-E121),ABS(360-M121+E121))<=45),FALSE),IF(ISNUMBER(O121),OR(MIN(ABS(O121-C121),ABS(360-O121+C121))<=45,MIN(ABS(O121-E121),ABS(360-O121+E121))<=45),FALSE),IF(ISNUMBER(Q121),OR(MIN(ABS(Q121-C121),ABS(360-Q121+C121))<=45,MIN(ABS(Q121-E121),ABS(360-Q121+E121))<=45),FALSE),MIN(ABS(S121-C121),ABS(360-S121+C121))<=90,MIN(ABS(S121-E121),ABS(360-S121+E121))<=90),0.25,0)))+IF(OR(T121="",D121="",F121=""),0.5,IF(AND(T121>=D121,T121<=F121),0.5,IF(AND(T121>=(D121-5),T121<=(F121+5)),0.25,0))) -> 1 | V121: =IF(OR(G121="",I121="",S121="",G121=1080,I121=1080,S121=1080),0.5,IF(OR(K121=G121,K121=I121,M121=G121,M121=I121,,O121=G121,O121=I121,Q121=G121,Q121=I121,MIN(ABS(S121-G121),ABS(360-S121+I121))<=45),0.5,IF(OR(IF(ISNUMBER(K121),OR(MIN(ABS(K121-G121),ABS(360-K121+G121))<=45,MIN(ABS(K121-I121),ABS(360-K121+I121))<=45),FALSE),IF(ISNUMBER(M121),OR(MIN(ABS(M121-G121),ABS(360-M121+G121))<=45,MIN(ABS(M121-I121),ABS(360-M121+I121))<=45),FALSE),IF(ISNUMBER(O121),OR(MIN(ABS(O121-G121),ABS(360-O121+G121))<=45,MIN(ABS(O121-I121),ABS(360-O121+I121))<=45),FALSE),IF(ISNUMBER(Q121),OR(MIN(ABS(Q121-G121),ABS(360-Q121+G121))<=45,MIN(ABS(Q121-I121),ABS(360-Q121+I121))<=45),FALSE),MIN(ABS(S121-G121),ABS(360-S121+G121))<=90,MIN(ABS(S121-I121),ABS(360-S121+I121))<=90),0.25,0)))+IF(OR(T121="",H121="",J121=""),0.5,IF(AND(T121>=H121,T121<=J121),0.5,IF(AND(T121>=(H121-5),T121<=(J121+5)),0.25,0))) -> 1
B122: =B121+1 -> 2 | C122: =IF(ISBLANK(Data!I45),"",Data!I45) | D122: =IF(ISBLANK(Data!J45),"",IF(Data!J45=2,0,Data!J45)) | E122: =IF(ISBLANK(Data!K45),"",Data!K45) | F122: =IF(ISBLANK(Data!L45),"",Data!L45) | G122: =IF(ISBLANK(Data!Q44),"",Data!Q44) | H122: =IF(ISBLANK(Data!R44),"",IF(Data!R44=2,0,Data!R44)) | I122: =IF(ISBLANK(Data!S44),"",Data!S44) | J122: =IF(ISBLANK(Data!T44),"",Data!T44) | K122: =IF(ISBLANK(Data!AN84),"",Data!AN84) | L122: =IF(ISBLANK(Data!AO84),"",Data!AO84) | M122: =IF(ISBLANK(Data!AP84),"",Data!AP84) | N122: =IF(ISBLANK(Data!AQ84),"",Data!AQ84) | O122: =IF(ISBLANK(Data!AR84),"",Data!AR84) | P122: =IF(ISBLANK(Data!AS84),"",Data!AS84) | Q122: =IF(ISBLANK(Data!AT84),"",Data!AT84) | R122: =IF(ISBLANK(Data!AU84),"",Data!AU84) | S122: =IF(Data!M7="","",IF(Data!M7=0,1080,Data!M7)) | T122: =IF(ISBLANK(Data!N7),"",Data!N7) | U122: =IF(OR(C122="",E122="",S122="",C122=1080,E122=1080,S122=1080),0.5,IF(OR(K122=C122,K122=E122,M122=C122,M122=E122,,O122=C122,O122=E122,Q122=C122,Q122=E122,MIN(ABS(S122-C122),ABS(360-S122+E122))<=45),0.5,IF(OR(IF(ISNUMBER(K122),OR(MIN(ABS(K122-C122),ABS(360-K122+C122))<=45,MIN(ABS(K122-E122),ABS(360-K122+E122))<=45),FALSE),IF(ISNUMBER(M122),OR(MIN(ABS(M122-C122),ABS(360-M122+C122))<=45,MIN(ABS(M122-E122),ABS(360-M122+E122))<=45),FALSE),IF(ISNUMBER(O122),OR(MIN(ABS(O122-C122),ABS(360-O122+C122))<=45,MIN(ABS(O122-E122),ABS(360-O122+E122))<=45),FALSE),IF(ISNUMBER(Q122),OR(MIN(ABS(Q122-C122),ABS(360-Q122+C122))<=45,MIN(ABS(Q122-E122),ABS(360-Q122+E122))<=45),FALSE),MIN(ABS(S122-C122),ABS(360-S122+C122))<=90,MIN(ABS(S122-E122),ABS(360-S122+E122))<=90),0.25,0)))+IF(OR(T122="",D122="",F122=""),0.5,IF(AND(T122>=D122,T122<=F122),0.5,IF(AND(T122>=(D122-5),T122<=(F122+5)),0.25,0))) -> 1 | V122: =IF(OR(G122="",I122="",S122="",G122=1080,I122=1080,S122=1080),0.5,IF(OR(K122=G122,K122=I122,M122=G122,M122=I122,,O122=G122,O122=I122,Q122=G122,Q122=I122,MIN(ABS(S122-G122),ABS(360-S122+I122))<=45),0.5,IF(OR(IF(ISNUMBER(K122),OR(MIN(ABS(K122-G122),ABS(360-K122+G122))<=45,MIN(ABS(K122-I122),ABS(360-K122+I122))<=45),FALSE),IF(ISNUMBER(M122),OR(MIN(ABS(M122-G122),ABS(360-M122+G122))<=45,MIN(ABS(M122-I122),ABS(360-M122+I122))<=45),FALSE),IF(ISNUMBER(O122),OR(MIN(ABS(O122-G122),ABS(360-O122+G122))<=45,MIN(ABS(O122-I122),ABS(360-O122+I122))<=45),FALSE),IF(ISNUMBER(Q122),OR(MIN(ABS(Q122-G122),ABS(360-Q122+G122))<=45,MIN(ABS(Q122-I122),ABS(360-Q122+I122))<=45),FALSE),MIN(ABS(S122-G122),ABS(360-S122+G122))<=90,MIN(ABS(S122-I122),ABS(360-S122+I122))<=90),0.25,0)))+IF(OR(T122="",H122="",J122=""),0.5,IF(AND(T122>=H122,T122<=J122),0.5,IF(AND(T122>=(H122-5),T122<=(J122+5)),0.25,0))) -> 1
B123: =B122+1 -> 3 | C123: =IF(ISBLANK(Data!I46),"",Data!I46) | D123: =IF(ISBLANK(Data!J46),"",IF(Data!J46=2,0,Data!J46)) | E123: =IF(ISBLANK(Data!K46),"",Data!K46) | F123: =IF(ISBLANK(Data!L46),"",Data!L46) | G123: =IF(ISBLANK(Data!Q45),"",Data!Q45) | H123: =IF(ISBLANK(Data!R45),"",IF(Data!R45=2,0,Data!R45)) | I123: =IF(ISBLANK(Data!S45),"",Data!S45) | J123: =IF(ISBLANK(Data!T45),"",Data!T45) | K123: =IF(ISBLANK(Data!AN85),"",Data!AN85) | L123: =IF(ISBLANK(Data!AO85),"",Data!AO85) | M123: =IF(ISBLANK(Data!AP85),"",Data!AP85) | N123: =IF(ISBLANK(Data!AQ85),"",Data!AQ85) | O123: =IF(ISBLANK(Data!AR85),"",Data!AR85) | P123: =IF(ISBLANK(Data!AS85),"",Data!AS85) | Q123: =IF(ISBLANK(Data!AT85),"",Data!AT85) | R123: =IF(ISBLANK(Data!AU85),"",Data!AU85) | S123: =IF(Data!M8="","",IF(Data!M8=0,1080,Data!M8)) | T123: =IF(ISBLANK(Data!N8),"",Data!N8) | U123: =IF(OR(C123="",E123="",S123="",C123=1080,E123=1080,S123=1080),0.5,IF(OR(K123=C123,K123=E123,M123=C123,M123=E123,,O123=C123,O123=E123,Q123=C123,Q123=E123,MIN(ABS(S123-C123),ABS(360-S123+E123))<=45),0.5,IF(OR(IF(ISNUMBER(K123),OR(MIN(ABS(K123-C123),ABS(360-K123+C123))<=45,MIN(ABS(K123-E123),ABS(360-K123+E123))<=45),FALSE),IF(ISNUMBER(M123),OR(MIN(ABS(M123-C123),ABS(360-M123+C123))<=45,MIN(ABS(M123-E123),ABS(360-M123+E123))<=45),FALSE),IF(ISNUMBER(O123),OR(MIN(ABS(O123-C123),ABS(360-O123+C123))<=45,MIN(ABS(O123-E123),ABS(360-O123+E123))<=45),FALSE),IF(ISNUMBER(Q123),OR(MIN(ABS(Q123-C123),ABS(360-Q123+C123))<=45,MIN(ABS(Q123-E123),ABS(360-Q123+E123))<=45),FALSE),MIN(ABS(S123-C123),ABS(360-S123+C123))<=90,MIN(ABS(S123-E123),ABS(360-S123+E123))<=90),0.25,0)))+IF(OR(T123="",D123="",F123=""),0.5,IF(AND(T123>=D123,T123<=F123),0.5,IF(AND(T123>=(D123-5),T123<=(F123+5)),0.25,0))) -> 1 | V123: =IF(OR(G123="",I123="",S123="",G123=1080,I123=1080,S123=1080),0.5,IF(OR(K123=G123,K123=I123,M123=G123,M123=I123,,O123=G123,O123=I123,Q123=G123,Q123=I123,MIN(ABS(S123-G123),ABS(360-S123+I123))<=45),0.5,IF(OR(IF(ISNUMBER(K123),OR(MIN(ABS(K123-G123),ABS(360-K123+G123))<=45,MIN(ABS(K123-I123),ABS(360-K123+I123))<=45),FALSE),IF(ISNUMBER(M123),OR(MIN(ABS(M123-G123),ABS(360-M123+G123))<=45,MIN(ABS(M123-I123),ABS(360-M123+I123))<=45),FALSE),IF(ISNUMBER(O123),OR(MIN(ABS(O123-G123),ABS(360-O123+G123))<=45,MIN(ABS(O123-I123),ABS(360-O123+I123))<=45),FALSE),IF(ISNUMBER(Q123),OR(MIN(ABS(Q123-G123),ABS(360-Q123+G123))<=45,MIN(ABS(Q123-I123),ABS(360-Q123+I123))<=45),FALSE),MIN(ABS(S123-G123),ABS(360-S123+G123))<=90,MIN(ABS(S123-I123),ABS(360-S123+I123))<=90),0.25,0)))+IF(OR(T123="",H123="",J123=""),0.5,IF(AND(T123>=H123,T123<=J123),0.5,IF(AND(T123>=(H123-5),T123<=(J123+5)),0.25,0))) -> 1
B124: =B123+1 -> 4 | C124: =IF(ISBLANK(Data!I47),"",Data!I47) | D124: =IF(ISBLANK(Data!J47),"",IF(Data!J47=2,0,Data!J47)) | E124: =IF(ISBLANK(Data!K47),"",Data!K47) | F124: =IF(ISBLANK(Data!L47),"",Data!L47) | G124: =IF(ISBLANK(Data!Q46),"",Data!Q46) | H124: =IF(ISBLANK(Data!R46),"",IF(Data!R46=2,0,Data!R46)) | I124: =IF(ISBLANK(Data!S46),"",Data!S46) | J124: =IF(ISBLANK(Data!T46),"",Data!T46) | K124: =IF(ISBLANK(Data!AN86),"",Data!AN86) | L124: =IF(ISBLANK(Data!AO86),"",Data!AO86) | M124: =IF(ISBLANK(Data!AP86),"",Data!AP86) | N124: =IF(ISBLANK(Data!AQ86),"",Data!AQ86) | O124: =IF(ISBLANK(Data!AR86),"",Data!AR86) | P124: =IF(ISBLANK(Data!AS86),"",Data!AS86) | Q124: =IF(ISBLANK(Data!AT86),"",Data!AT86) | R124: =IF(ISBLANK(Data!AU86),"",Data!AU86) | S124: =IF(Data!M9="","",IF(Data!M9=0,1080,Data!M9)) | T124: =IF(ISBLANK(Data!N9),"",Data!N9) | U124: =IF(OR(C124="",E124="",S124="",C124=1080,E124=1080,S124=1080),0.5,IF(OR(K124=C124,K124=E124,M124=C124,M124=E124,,O124=C124,O124=E124,Q124=C124,Q124=E124,MIN(ABS(S124-C124),ABS(360-S124+E124))<=45),0.5,IF(OR(IF(ISNUMBER(K124),OR(MIN(ABS(K124-C124),ABS(360-K124+C124))<=45,MIN(ABS(K124-E124),ABS(360-K124+E124))<=45),FALSE),IF(ISNUMBER(M124),OR(MIN(ABS(M124-C124),ABS(360-M124+C124))<=45,MIN(ABS(M124-E124),ABS(360-M124+E124))<=45),FALSE),IF(ISNUMBER(O124),OR(MIN(ABS(O124-C124),ABS(360-O124+C124))<=45,MIN(ABS(O124-E124),ABS(360-O124+E124))<=45),FALSE),IF(ISNUMBER(Q124),OR(MIN(ABS(Q124-C124),ABS(360-Q124+C124))<=45,MIN(ABS(Q124-E124),ABS(360-Q124+E124))<=45),FALSE),MIN(ABS(S124-C124),ABS(360-S124+C124))<=90,MIN(ABS(S124-E124),ABS(360-S124+E124))<=90),0.25,0)))+IF(OR(T124="",D124="",F124=""),0.5,IF(AND(T124>=D124,T124<=F124),0.5,IF(AND(T124>=(D124-5),T124<=(F124+5)),0.25,0))) -> 1 | V124: =IF(OR(G124="",I124="",S124="",G124=1080,I124=1080,S124=1080),0.5,IF(OR(K124=G124,K124=I124,M124=G124,M124=I124,,O124=G124,O124=I124,Q124=G124,Q124=I124,MIN(ABS(S124-G124),ABS(360-S124+I124))<=45),0.5,IF(OR(IF(ISNUMBER(K124),OR(MIN(ABS(K124-G124),ABS(360-K124+G124))<=45,MIN(ABS(K124-I124),ABS(360-K124+I124))<=45),FALSE),IF(ISNUMBER(M124),OR(MIN(ABS(M124-G124),ABS(360-M124+G124))<=45,MIN(ABS(M124-I124),ABS(360-M124+I124))<=45),FALSE),IF(ISNUMBER(O124),OR(MIN(ABS(O124-G124),ABS(360-O124+G124))<=45,MIN(ABS(O124-I124),ABS(360-O124+I124))<=45),FALSE),IF(ISNUMBER(Q124),OR(MIN(ABS(Q124-G124),ABS(360-Q124+G124))<=45,MIN(ABS(Q124-I124),ABS(360-Q124+I124))<=45),FALSE),MIN(ABS(S124-G124),ABS(360-S124+G124))<=90,MIN(ABS(S124-I124),ABS(360-S124+I124))<=90),0.25,0)))+IF(OR(T124="",H124="",J124=""),0.5,IF(AND(T124>=H124,T124<=J124),0.5,IF(AND(T124>=(H124-5),T124<=(J124+5)),0.25,0))) -> 1
B125: =B124+1 -> 5 | C125: =IF(ISBLANK(Data!I48),"",Data!I48) | D125: =IF(ISBLANK(Data!J48),"",IF(Data!J48=2,0,Data!J48)) | E125: =IF(ISBLANK(Data!K48),"",Data!K48) | F125: =IF(ISBLANK(Data!L48),"",Data!L48) | G125: =IF(ISBLANK(Data!Q47),"",Data!Q47) | H125: =IF(ISBLANK(Data!R47),"",IF(Data!R47=2,0,Data!R47)) | I125: =IF(ISBLANK(Data!S47),"",Data!S47) | J125: =IF(ISBLANK(Data!T47),"",Data!T47) | K125: =IF(ISBLANK(Data!AN87),"",Data!AN87) | L125: =IF(ISBLANK(Data!AO87),"",Data!AO87) | M125: =IF(ISBLANK(Data!AP87),"",Data!AP87) | N125: =IF(ISBLANK(Data!AQ87),"",Data!AQ87) | O125: =IF(ISBLANK(Data!AR87),"",Data!AR87) | P125: =IF(ISBLANK(Data!AS87),"",Data!AS87) | Q125: =IF(ISBLANK(Data!AT87),"",Data!AT87) | R125: =IF(ISBLANK(Data!AU87),"",Data!AU87) | S125: =IF(Data!M10="","",IF(Data!M10=0,1080,Data!M10)) | T125: =IF(ISBLANK(Data!N10),"",Data!N10) | U125: =IF(OR(C125="",E125="",S125="",C125=1080,E125=1080,S125=1080),0.5,IF(OR(K125=C125,K125=E125,M125=C125,M125=E125,,O125=C125,O125=E125,Q125=C125,Q125=E125,MIN(ABS(S125-C125),ABS(360-S125+E125))<=45),0.5,IF(OR(IF(ISNUMBER(K125),OR(MIN(ABS(K125-C125),ABS(360-K125+C125))<=45,MIN(ABS(K125-E125),ABS(360-K125+E125))<=45),FALSE),IF(ISNUMBER(M125),OR(MIN(ABS(M125-C125),ABS(360-M125+C125))<=45,MIN(ABS(M125-E125),ABS(360-M125+E125))<=45),FALSE),IF(ISNUMBER(O125),OR(MIN(ABS(O125-C125),ABS(360-O125+C125))<=45,MIN(ABS(O125-E125),ABS(360-O125+E125))<=45),FALSE),IF(ISNUMBER(Q125),OR(MIN(ABS(Q125-C125),ABS(360-Q125+C125))<=45,MIN(ABS(Q125-E125),ABS(360-Q125+E125))<=45),FALSE),MIN(ABS(S125-C125),ABS(360-S125+C125))<=90,MIN(ABS(S125-E125),ABS(360-S125+E125))<=90),0.25,0)))+IF(OR(T125="",D125="",F125=""),0.5,IF(AND(T125>=D125,T125<=F125),0.5,IF(AND(T125>=(D125-5),T125<=(F125+5)),0.25,0))) -> 1 | V125: =IF(OR(G125="",I125="",S125="",G125=1080,I125=1080,S125=1080),0.5,IF(OR(K125=G125,K125=I125,M125=G125,M125=I125,,O125=G125,O125=I125,Q125=G125,Q125=I125,MIN(ABS(S125-G125),ABS(360-S125+I125))<=45),0.5,IF(OR(IF(ISNUMBER(K125),OR(MIN(ABS(K125-G125),ABS(360-K125+G125))<=45,MIN(ABS(K125-I125),ABS(360-K125+I125))<=45),FALSE),IF(ISNUMBER(M125),OR(MIN(ABS(M125-G125),ABS(360-M125+G125))<=45,MIN(ABS(M125-I125),ABS(360-M125+I125))<=45),FALSE),IF(ISNUMBER(O125),OR(MIN(ABS(O125-G125),ABS(360-O125+G125))<=45,MIN(ABS(O125-I125),ABS(360-O125+I125))<=45),FALSE),IF(ISNUMBER(Q125),OR(MIN(ABS(Q125-G125),ABS(360-Q125+G125))<=45,MIN(ABS(Q125-I125),ABS(360-Q125+I125))<=45),FALSE),MIN(ABS(S125-G125),ABS(360-S125+G125))<=90,MIN(ABS(S125-I125),ABS(360-S125+I125))<=90),0.25,0)))+IF(OR(T125="",H125="",J125=""),0.5,IF(AND(T125>=H125,T125<=J125),0.5,IF(AND(T125>=(H125-5),T125<=(J125+5)),0.25,0))) -> 1
B126: =B125+1 -> 6 | C126: =IF(ISBLANK(Data!I49),"",Data!I49) | D126: =IF(ISBLANK(Data!J49),"",IF(Data!J49=2,0,Data!J49)) | E126: =IF(ISBLANK(Data!K49),"",Data!K49) | F126: =IF(ISBLANK(Data!L49),"",Data!L49) | G126: =IF(ISBLANK(Data!Q48),"",Data!Q48) | H126: =IF(ISBLANK(Data!R48),"",IF(Data!R48=2,0,Data!R48)) | I126: =IF(ISBLANK(Data!S48),"",Data!S48) | J126: =IF(ISBLANK(Data!T48),"",Data!T48) | K126: =IF(ISBLANK(Data!AN88),"",Data!AN88) | L126: =IF(ISBLANK(Data!AO88),"",Data!AO88) | M126: =IF(ISBLANK(Data!AP88),"",Data!AP88) | N126: =IF(ISBLANK(Data!AQ88),"",Data!AQ88) | O126: =IF(ISBLANK(Data!AR88),"",Data!AR88) | P126: =IF(ISBLANK(Data!AS88),"",Data!AS88) | Q126: =IF(ISBLANK(Data!AT88),"",Data!AT88) | R126: =IF(ISBLANK(Data!AU88),"",Data!AU88) | S126: =IF(Data!M11="","",IF(Data!M11=0,1080,Data!M11)) | T126: =IF(ISBLANK(Data!N11),"",Data!N11) | U126: =IF(OR(C126="",E126="",S126="",C126=1080,E126=1080,S126=1080),0.5,IF(OR(K126=C126,K126=E126,M126=C126,M126=E126,,O126=C126,O126=E126,Q126=C126,Q126=E126,MIN(ABS(S126-C126),ABS(360-S126+E126))<=45),0.5,IF(OR(IF(ISNUMBER(K126),OR(MIN(ABS(K126-C126),ABS(360-K126+C126))<=45,MIN(ABS(K126-E126),ABS(360-K126+E126))<=45),FALSE),IF(ISNUMBER(M126),OR(MIN(ABS(M126-C126),ABS(360-M126+C126))<=45,MIN(ABS(M126-E126),ABS(360-M126+E126))<=45),FALSE),IF(ISNUMBER(O126),OR(MIN(ABS(O126-C126),ABS(360-O126+C126))<=45,MIN(ABS(O126-E126),ABS(360-O126+E126))<=45),FALSE),IF(ISNUMBER(Q126),OR(MIN(ABS(Q126-C126),ABS(360-Q126+C126))<=45,MIN(ABS(Q126-E126),ABS(360-Q126+E126))<=45),FALSE),MIN(ABS(S126-C126),ABS(360-S126+C126))<=90,MIN(ABS(S126-E126),ABS(360-S126+E126))<=90),0.25,0)))+IF(OR(T126="",D126="",F126=""),0.5,IF(AND(T126>=D126,T126<=F126),0.5,IF(AND(T126>=(D126-5),T126<=(F126+5)),0.25,0))) -> 1 | V126: =IF(OR(G126="",I126="",S126="",G126=1080,I126=1080,S126=1080),0.5,IF(OR(K126=G126,K126=I126,M126=G126,M126=I126,,O126=G126,O126=I126,Q126=G126,Q126=I126,MIN(ABS(S126-G126),ABS(360-S126+I126))<=45),0.5,IF(OR(IF(ISNUMBER(K126),OR(MIN(ABS(K126-G126),ABS(360-K126+G126))<=45,MIN(ABS(K126-I126),ABS(360-K126+I126))<=45),FALSE),IF(ISNUMBER(M126),OR(MIN(ABS(M126-G126),ABS(360-M126+G126))<=45,MIN(ABS(M126-I126),ABS(360-M126+I126))<=45),FALSE),IF(ISNUMBER(O126),OR(MIN(ABS(O126-G126),ABS(360-O126+G126))<=45,MIN(ABS(O126-I126),ABS(360-O126+I126))<=45),FALSE),IF(ISNUMBER(Q126),OR(MIN(ABS(Q126-G126),ABS(360-Q126+G126))<=45,MIN(ABS(Q126-I126),ABS(360-Q126+I126))<=45),FALSE),MIN(ABS(S126-G126),ABS(360-S126+G126))<=90,MIN(ABS(S126-I126),ABS(360-S126+I126))<=90),0.25,0)))+IF(OR(T126="",H126="",J126=""),0.5,IF(AND(T126>=H126,T126<=J126),0.5,IF(AND(T126>=(H126-5),T126<=(J126+5)),0.25,0))) -> 1
B127: =B126+1 -> 7 | C127: =IF(ISBLANK(Data!I50),"",Data!I50) | D127: =IF(ISBLANK(Data!J50),"",IF(Data!J50=2,0,Data!J50)) | E127: =IF(ISBLANK(Data!K50),"",Data!K50) | F127: =IF(ISBLANK(Data!L50),"",Data!L50) | G127: =IF(ISBLANK(Data!Q49),"",Data!Q49) | H127: =IF(ISBLANK(Data!R49),"",IF(Data!R49=2,0,Data!R49)) | I127: =IF(ISBLANK(Data!S49),"",Data!S49) | J127: =IF(ISBLANK(Data!T49),"",Data!T49) | K127: =IF(ISBLANK(Data!AN89),"",Data!AN89) | L127: =IF(ISBLANK(Data!AO89),"",Data!AO89) | M127: =IF(ISBLANK(Data!AP89),"",Data!AP89) | N127: =IF(ISBLANK(Data!AQ89),"",Data!AQ89) | O127: =IF(ISBLANK(Data!AR89),"",Data!AR89) | P127: =IF(ISBLANK(Data!AS89),"",Data!AS89) | Q127: =IF(ISBLANK(Data!AT89),"",Data!AT89) | R127: =IF(ISBLANK(Data!AU89),"",Data!AU89) | S127: =IF(Data!M12="","",IF(Data!M12=0,1080,Data!M12)) | T127: =IF(ISBLANK(Data!N12),"",Data!N12) | U127: =IF(OR(C127="",E127="",S127="",C127=1080,E127=1080,S127=1080),0.5,IF(OR(K127=C127,K127=E127,M127=C127,M127=E127,,O127=C127,O127=E127,Q127=C127,Q127=E127,MIN(ABS(S127-C127),ABS(360-S127+E127))<=45),0.5,IF(OR(IF(ISNUMBER(K127),OR(MIN(ABS(K127-C127),ABS(360-K127+C127))<=45,MIN(ABS(K127-E127),ABS(360-K127+E127))<=45),FALSE),IF(ISNUMBER(M127),OR(MIN(ABS(M127-C127),ABS(360-M127+C127))<=45,MIN(ABS(M127-E127),ABS(360-M127+E127))<=45),FALSE),IF(ISNUMBER(O127),OR(MIN(ABS(O127-C127),ABS(360-O127+C127))<=45,MIN(ABS(O127-E127),ABS(360-O127+E127))<=45),FALSE),IF(ISNUMBER(Q127),OR(MIN(ABS(Q127-C127),ABS(360-Q127+C127))<=45,MIN(ABS(Q127-E127),ABS(360-Q127+E127))<=45),FALSE),MIN(ABS(S127-C127),ABS(360-S127+C127))<=90,MIN(ABS(S127-E127),ABS(360-S127+E127))<=90),0.25,0)))+IF(OR(T127="",D127="",F127=""),0.5,IF(AND(T127>=D127,T127<=F127),0.5,IF(AND(T127>=(D127-5),T127<=(F127+5)),0.25,0))) -> 1 | V127: =IF(OR(G127="",I127="",S127="",G127=1080,I127=1080,S127=1080),0.5,IF(OR(K127=G127,K127=I127,M127=G127,M127=I127,,O127=G127,O127=I127,Q127=G127,Q127=I127,MIN(ABS(S127-G127),ABS(360-S127+I127))<=45),0.5,IF(OR(IF(ISNUMBER(K127),OR(MIN(ABS(K127-G127),ABS(360-K127+G127))<=45,MIN(ABS(K127-I127),ABS(360-K127+I127))<=45),FALSE),IF(ISNUMBER(M127),OR(MIN(ABS(M127-G127),ABS(360-M127+G127))<=45,MIN(ABS(M127-I127),ABS(360-M127+I127))<=45),FALSE),IF(ISNUMBER(O127),OR(MIN(ABS(O127-G127),ABS(360-O127+G127))<=45,MIN(ABS(O127-I127),ABS(360-O127+I127))<=45),FALSE),IF(ISNUMBER(Q127),OR(MIN(ABS(Q127-G127),ABS(360-Q127+G127))<=45,MIN(ABS(Q127-I127),ABS(360-Q127+I127))<=45),FALSE),MIN(ABS(S127-G127),ABS(360-S127+G127))<=90,MIN(ABS(S127-I127),ABS(360-S127+I127))<=90),0.25,0)))+IF(OR(T127="",H127="",J127=""),0.5,IF(AND(T127>=H127,T127<=J127),0.5,IF(AND(T127>=(H127-5),T127<=(J127+5)),0.25,0))) -> 1
B128: =B127+1 -> 8 | C128: =IF(ISBLANK(Data!I51),"",Data!I51) | D128: =IF(ISBLANK(Data!J51),"",IF(Data!J51=2,0,Data!J51)) | E128: =IF(ISBLANK(Data!K51),"",Data!K51) | F128: =IF(ISBLANK(Data!L51),"",Data!L51) | G128: =IF(ISBLANK(Data!Q50),"",Data!Q50) | H128: =IF(ISBLANK(Data!R50),"",IF(Data!R50=2,0,Data!R50)) | I128: =IF(ISBLANK(Data!S50),"",Data!S50) | J128: =IF(ISBLANK(Data!T50),"",Data!T50) | K128: =IF(ISBLANK(Data!AN90),"",Data!AN90) | L128: =IF(ISBLANK(Data!AO90),"",Data!AO90) | M128: =IF(ISBLANK(Data!AP90),"",Data!AP90) | N128: =IF(ISBLANK(Data!AQ90),"",Data!AQ90) | O128: =IF(ISBLANK(Data!AR90),"",Data!AR90) | P128: =IF(ISBLANK(Data!AS90),"",Data!AS90) | Q128: =IF(ISBLANK(Data!AT90),"",Data!AT90) | R128: =IF(ISBLANK(Data!AU90),"",Data!AU90) | S128: =IF(Data!M13="","",IF(Data!M13=0,1080,Data!M13)) | T128: =IF(ISBLANK(Data!N13),"",Data!N13) | U128: =IF(OR(C128="",E128="",S128="",C128=1080,E128=1080,S128=1080),0.5,IF(OR(K128=C128,K128=E128,M128=C128,M128=E128,,O128=C128,O128=E128,Q128=C128,Q128=E128,MIN(ABS(S128-C128),ABS(360-S128+E128))<=45),0.5,IF(OR(IF(ISNUMBER(K128),OR(MIN(ABS(K128-C128),ABS(360-K128+C128))<=45,MIN(ABS(K128-E128),ABS(360-K128+E128))<=45),FALSE),IF(ISNUMBER(M128),OR(MIN(ABS(M128-C128),ABS(360-M128+C128))<=45,MIN(ABS(M128-E128),ABS(360-M128+E128))<=45),FALSE),IF(ISNUMBER(O128),OR(MIN(ABS(O128-C128),ABS(360-O128+C128))<=45,MIN(ABS(O128-E128),ABS(360-O128+E128))<=45),FALSE),IF(ISNUMBER(Q128),OR(MIN(ABS(Q128-C128),ABS(360-Q128+C128))<=45,MIN(ABS(Q128-E128),ABS(360-Q128+E128))<=45),FALSE),MIN(ABS(S128-C128),ABS(360-S128+C128))<=90,MIN(ABS(S128-E128),ABS(360-S128+E128))<=90),0.25,0)))+IF(OR(T128="",D128="",F128=""),0.5,IF(AND(T128>=D128,T128<=F128),0.5,IF(AND(T128>=(D128-5),T128<=(F128+5)),0.25,0))) -> 1 | V128: =IF(OR(G128="",I128="",S128="",G128=1080,I128=1080,S128=1080),0.5,IF(OR(K128=G128,K128=I128,M128=G128,M128=I128,,O128=G128,O128=I128,Q128=G128,Q128=I128,MIN(ABS(S128-G128),ABS(360-S128+I128))<=45),0.5,IF(OR(IF(ISNUMBER(K128),OR(MIN(ABS(K128-G128),ABS(360-K128+G128))<=45,MIN(ABS(K128-I128),ABS(360-K128+I128))<=45),FALSE),IF(ISNUMBER(M128),OR(MIN(ABS(M128-G128),ABS(360-M128+G128))<=45,MIN(ABS(M128-I128),ABS(360-M128+I128))<=45),FALSE),IF(ISNUMBER(O128),OR(MIN(ABS(O128-G128),ABS(360-O128+G128))<=45,MIN(ABS(O128-I128),ABS(360-O128+I128))<=45),FALSE),IF(ISNUMBER(Q128),OR(MIN(ABS(Q128-G128),ABS(360-Q128+G128))<=45,MIN(ABS(Q128-I128),ABS(360-Q128+I128))<=45),FALSE),MIN(ABS(S128-G128),ABS(360-S128+G128))<=90,MIN(ABS(S128-I128),ABS(360-S128+I128))<=90),0.25,0)))+IF(OR(T128="",H128="",J128=""),0.5,IF(AND(T128>=H128,T128<=J128),0.5,IF(AND(T128>=(H128-5),T128<=(J128+5)),0.25,0))) -> 1
B129: =B128+1 -> 9 | C129: =IF(ISBLANK(Data!I52),"",Data!I52) | D129: =IF(ISBLANK(Data!J52),"",IF(Data!J52=2,0,Data!J52)) | E129: =IF(ISBLANK(Data!K52),"",Data!K52) | F129: =IF(ISBLANK(Data!L52),"",Data!L52) | G129: =IF(ISBLANK(Data!Q51),"",Data!Q51) | H129: =IF(ISBLANK(Data!R51),"",IF(Data!R51=2,0,Data!R51)) | I129: =IF(ISBLANK(Data!S51),"",Data!S51) | J129: =IF(ISBLANK(Data!T51),"",Data!T51) | K129: =IF(ISBLANK(Data!AN91),"",Data!AN91) | L129: =IF(ISBLANK(Data!AO91),"",Data!AO91) | M129: =IF(ISBLANK(Data!AP91),"",Data!AP91) | N129: =IF(ISBLANK(Data!AQ91),"",Data!AQ91) | O129: =IF(ISBLANK(Data!AR91),"",Data!AR91) | P129: =IF(ISBLANK(Data!AS91),"",Data!AS91) | Q129: =IF(ISBLANK(Data!AT91),"",Data!AT91) | R129: =IF(ISBLANK(Data!AU91),"",Data!AU91) | S129: =IF(Data!M14="","",IF(Data!M14=0,1080,Data!M14)) | T129: =IF(ISBLANK(Data!N14),"",Data!N14) | U129: =IF(OR(C129="",E129="",S129="",C129=1080,E129=1080,S129=1080),0.5,IF(OR(K129=C129,K129=E129,M129=C129,M129=E129,,O129=C129,O129=E129,Q129=C129,Q129=E129,MIN(ABS(S129-C129),ABS(360-S129+E129))<=45),0.5,IF(OR(IF(ISNUMBER(K129),OR(MIN(ABS(K129-C129),ABS(360-K129+C129))<=45,MIN(ABS(K129-E129),ABS(360-K129+E129))<=45),FALSE),IF(ISNUMBER(M129),OR(MIN(ABS(M129-C129),ABS(360-M129+C129))<=45,MIN(ABS(M129-E129),ABS(360-M129+E129))<=45),FALSE),IF(ISNUMBER(O129),OR(MIN(ABS(O129-C129),ABS(360-O129+C129))<=45,MIN(ABS(O129-E129),ABS(360-O129+E129))<=45),FALSE),IF(ISNUMBER(Q129),OR(MIN(ABS(Q129-C129),ABS(360-Q129+C129))<=45,MIN(ABS(Q129-E129),ABS(360-Q129+E129))<=45),FALSE),MIN(ABS(S129-C129),ABS(360-S129+C129))<=90,MIN(ABS(S129-E129),ABS(360-S129+E129))<=90),0.25,0)))+IF(OR(T129="",D129="",F129=""),0.5,IF(AND(T129>=D129,T129<=F129),0.5,IF(AND(T129>=(D129-5),T129<=(F129+5)),0.25,0))) -> 1 | V129: =IF(OR(G129="",I129="",S129="",G129=1080,I129=1080,S129=1080),0.5,IF(OR(K129=G129,K129=I129,M129=G129,M129=I129,,O129=G129,O129=I129,Q129=G129,Q129=I129,MIN(ABS(S129-G129),ABS(360-S129+I129))<=45),0.5,IF(OR(IF(ISNUMBER(K129),OR(MIN(ABS(K129-G129),ABS(360-K129+G129))<=45,MIN(ABS(K129-I129),ABS(360-K129+I129))<=45),FALSE),IF(ISNUMBER(M129),OR(MIN(ABS(M129-G129),ABS(360-M129+G129))<=45,MIN(ABS(M129-I129),ABS(360-M129+I129))<=45),FALSE),IF(ISNUMBER(O129),OR(MIN(ABS(O129-G129),ABS(360-O129+G129))<=45,MIN(ABS(O129-I129),ABS(360-O129+I129))<=45),FALSE),IF(ISNUMBER(Q129),OR(MIN(ABS(Q129-G129),ABS(360-Q129+G129))<=45,MIN(ABS(Q129-I129),ABS(360-Q129+I129))<=45),FALSE),MIN(ABS(S129-G129),ABS(360-S129+G129))<=90,MIN(ABS(S129-I129),ABS(360-S129+I129))<=90),0.25,0)))+IF(OR(T129="",H129="",J129=""),0.5,IF(AND(T129>=H129,T129<=J129),0.5,IF(AND(T129>=(H129-5),T129<=(J129+5)),0.25,0))) -> 1
